face_id,n_appearances,n_wins,theta,standard_error,rank,weight,image_path,participant_id
BF-007,24,16,0.6634460946105768,0.4509949877222942,7,0.05388499766070035,data/raw/cfd/images/CFD-BF-007-001-N.jpg,SIM_001
BF-242,24,5,-1.1860662908029134,0.4785350339166581,22,0.008476856770395178,data/raw/cfd/images/CFD-BF-242-154-N.jpg,SIM_001
BF-255,24,16,0.6634460946105767,0.45099498772229396,8,0.053884997660700346,data/raw/cfd/images/CFD-BF-255-140-N.jpg,SIM_001
BM-211,24,19,1.19427703593579,0.4742258655467564,2,0.09162306524442201,data/raw/cfd/images/CFD-BM-211-174-N.jpg,SIM_001
BM-212,24,5,-1.1860662908029134,0.47853503391665825,22,0.008476856770395178,data/raw/cfd/images/CFD-BM-212-117-N.jpg,SIM_001
BM-213,24,2,-1.825855034641286,0.5282309692910383,25,0.004470726723539322,data/raw/cfd/images/CFD-BM-213-134-N.jpg,SIM_001
BM-214,24,19,1.19427703593579,0.4742258655467565,2,0.09162306524442201,data/raw/cfd/images/CFD-BM-214-075-N.jpg,SIM_001
BM-215,24,6,-0.9981719215952918,0.4682033378053223,21,0.01022907429303892,data/raw/cfd/images/CFD-BM-215-155-N.jpg,SIM_001
BM-216,24,9,-0.4768140907550377,0.4487976536338446,17,0.017228963934918233,data/raw/cfd/images/CFD-BM-216-088-N.jpg,SIM_001
BM-217,24,9,-0.4768140907550378,0.44879765363384466,18,0.017228963934918233,data/raw/cfd/images/CFD-BM-217-082-N.jpg,SIM_001
BM-218,24,19,1.19427703593579,0.4742258655467565,2,0.09162306524442201,data/raw/cfd/images/CFD-BM-218-132-N.jpg,SIM_001
BM-219,24,16,0.6634460946105767,0.450994987722294,8,0.053884997660700346,data/raw/cfd/images/CFD-BM-219-141-N.jpg,SIM_001
BM-221,24,14,0.33392838344384657,0.4440207938837442,11,0.03875789168569534,data/raw/cfd/images/CFD-BM-221-198-N.jpg,SIM_001
BM-222,24,18,1.0102568147118727,0.46439858933408307,5,0.07622296709591272,data/raw/cfd/images/CFD-BM-222-173-N.jpg,SIM_001
BM-223,24,15,0.49721511687758857,0.4468029069553994,10,0.045632543029103405,data/raw/cfd/images/CFD-BM-223-171-N.jpg,SIM_001
BM-224,24,3,-1.5964428523392824,0.5077326423941116,24,0.005623550104619477,data/raw/cfd/images/CFD-BM-224-073-N.jpg,SIM_001
BM-225,24,11,-0.14949925190482286,0.4432035956314085,15,0.023900676312245205,data/raw/cfd/images/CFD-BM-225-154-N.jpg,SIM_001
BM-226,24,8,-0.6452308882269335,0.45362627628746455,19,0.014558501518671127,data/raw/cfd/images/CFD-BM-226-276-N.jpg,SIM_001
BM-227,24,17,0.8339424924722593,0.4567749856111704,6,0.0639018620165241,data/raw/cfd/images/CFD-BM-227-191-N.jpg,SIM_001
BM-228,24,12,0.011618363215183152,0.4422667222602627,13,0.028079067537172542,data/raw/cfd/images/CFD-BM-228-145-N.jpg,SIM_001
BM-229,24,11,-0.14949925190482283,0.44320359563140754,14,0.023900676312245205,data/raw/cfd/images/CFD-BM-229-209-N.jpg,SIM_001
BM-231,24,10,-0.3119552420208055,0.4453600771652978,16,0.020316853555370763,data/raw/cfd/images/CFD-BM-231-155-N.jpg,SIM_001
BM-236,24,20,1.3883736754527936,0.4867620984137652,1,0.1112499735705458,data/raw/cfd/images/CFD-BM-236-248-N.jpg,SIM_001
BM-237,24,13,0.17241961756982518,0.44253124729928334,12,0.032977503787607484,data/raw/cfd/images/CFD-BM-237-188-N.jpg,SIM_001
BM-239,24,7,-0.8185086496333224,0.46001409580802183,20,0.012242302331714661,data/raw/cfd/images/CFD-BM-239-136-N.jpg,SIM_001
BF-007,24,15,0.4721233895965034,0.44039758576322613,7,0.04747701886527825,data/raw/cfd/images/CFD-BF-007-001-N.jpg,SIM_002
BF-242,24,7,-0.7944261734866547,0.4529101559175533,21,0.013379132506646036,data/raw/cfd/images/CFD-BF-242-154-N.jpg,SIM_002
BF-255,24,14,0.314480695238411,0.4372817432638553,8,0.04055272933729741,data/raw/cfd/images/CFD-BF-255-140-N.jpg,SIM_002
BM-211,24,18,0.9706112341412007,0.4595480223971452,2,0.07815809428021414,data/raw/cfd/images/CFD-BM-211-174-N.jpg,SIM_002
BM-212,24,3,-1.5494504475601054,0.5021671504677496,25,0.006288181652374116,data/raw/cfd/images/CFD-BM-212-117-N.jpg,SIM_002
BM-213,24,5,-1.1499332466233319,0.47196177162758773,23,0.009376336712720814,data/raw/cfd/images/CFD-BM-213-134-N.jpg,SIM_002
BM-214,24,9,-0.46532051334916996,0.4414722311819091,17,0.01859331072619051,data/raw/cfd/images/CFD-BM-214-075-N.jpg,SIM_002
BM-215,24,13,0.15888183376062373,0.4355374175748534,12,0.03470918067640651,data/raw/cfd/images/CFD-BM-215-155-N.jpg,SIM_002
BM-216,24,12,0.004189110358891339,0.43509094991712777,16,0.029734604473798363,data/raw/cfd/images/CFD-BM-216-088-N.jpg,SIM_002
BM-217,24,8,-0.6274060175133457,0.4463779677539118,19,0.015811165592074634,data/raw/cfd/images/CFD-BM-217-082-N.jpg,SIM_002
BM-218,24,17,0.7986638244691645,0.45130459093876957,4,0.06581094852684054,data/raw/cfd/images/CFD-BM-218-132-N.jpg,SIM_002
BM-219,24,13,0.1588818337606237,0.43553741757485376,14,0.03470918067640651,data/raw/cfd/images/CFD-BM-219-141-N.jpg,SIM_002
BM-221,24,13,0.15888183376062373,0.4355374175748538,12,0.03470918067640651,data/raw/cfd/images/CFD-BM-221-198-N.jpg,SIM_002
BM-222,24,22,1.770401053332042,0.5220321964397129,1,0.173907481856799,data/raw/cfd/images/CFD-BM-222-173-N.jpg,SIM_002
BM-223,24,14,0.3144806952384109,0.4372817432638556,9,0.04055272933729741,data/raw/cfd/images/CFD-BM-223-171-N.jpg,SIM_002
BM-224,24,5,-1.1499332466233319,0.47196177162758757,23,0.009376336712720814,data/raw/cfd/images/CFD-BM-224-073-N.jpg,SIM_002
BM-225,24,14,0.3144806952384108,0.43728174326385555,11,0.04055272933729741,data/raw/cfd/images/CFD-BM-225-154-N.jpg,SIM_002
BM-226,24,5,-1.1499332466233316,0.4719617716275876,22,0.009376336712720814,data/raw/cfd/images/CFD-BM-226-276-N.jpg,SIM_002
BM-227,24,16,0.6330498082899776,0.4450096783836841,6,0.05576643690687781,data/raw/cfd/images/CFD-BM-227-191-N.jpg,SIM_002
BM-228,24,16,0.6330498082899777,0.4450096783836841,5,0.055766436906877825,data/raw/cfd/images/CFD-BM-228-145-N.jpg,SIM_002
BM-229,24,13,0.15888183376062368,0.4355374175748539,15,0.03470918067640651,data/raw/cfd/images/CFD-BM-229-209-N.jpg,SIM_002
BM-231,24,7,-0.7944261734866546,0.4529101559175534,20,0.013379132506646036,data/raw/cfd/images/CFD-BM-231-155-N.jpg,SIM_002
BM-236,24,18,0.9706112341412007,0.4595480223971453,2,0.07815809428021414,data/raw/cfd/images/CFD-BM-236-248-N.jpg,SIM_002
BM-237,24,9,-0.46532051334916996,0.441472231181909,17,0.01859331072619051,data/raw/cfd/images/CFD-BM-237-188-N.jpg,SIM_002
BM-239,24,14,0.3144806952384109,0.4372817432638556,9,0.04055272933729741,data/raw/cfd/images/CFD-BM-239-136-N.jpg,SIM_002
BF-007,24,15,0.45980943230246435,0.4358757377586726,5,0.049591417755538866,data/raw/cfd/images/CFD-BF-007-001-N.jpg,SIM_003
BF-242,24,8,-0.6108840620871726,0.44177492704469806,20,0.01699848623765694,data/raw/cfd/images/CFD-BF-242-154-N.jpg,SIM_003
BF-255,24,14,0.30611080174946603,0.43259045395190143,8,0.04252614907515038,data/raw/cfd/images/CFD-BF-255-140-N.jpg,SIM_003
BM-211,24,15,0.45980943230246424,0.43587573775867294,7,0.04959141775553886,data/raw/cfd/images/CFD-BM-211-174-N.jpg,SIM_003
BM-212,24,2,-1.7404711239854709,0.5220447446390428,25,0.005493344306476841,data/raw/cfd/images/CFD-BM-212-117-N.jpg,SIM_003
BM-213,24,8,-0.6108840620871727,0.4417749270446981,22,0.01699848623765693,data/raw/cfd/images/CFD-BM-213-134-N.jpg,SIM_003
BM-214,24,13,0.15458607848159064,0.4307236316640494,13,0.036546829411165466,data/raw/cfd/images/CFD-BM-214-075-N.jpg,SIM_003
BM-215,24,12,0.00405878092285366,0.43020333597555505,16,0.031439565209713805,data/raw/cfd/images/CFD-BM-215-155-N.jpg,SIM_003
BM-216,24,13,0.15458607848159067,0.43072363166404953,10,0.036546829411165466,data/raw/cfd/images/CFD-BM-216-088-N.jpg,SIM_003
BM-217,24,5,-1.1226676483276108,0.4684119618248848,24,0.010189326073750277,data/raw/cfd/images/CFD-BM-217-082-N.jpg,SIM_003
BM-218,24,18,0.9476309074618674,0.4558283846022656,2,0.08077271838776681,data/raw/cfd/images/CFD-BM-218-132-N.jpg,SIM_003
BM-219,24,12,0.0040587809228537445,0.43020333597555555,15,0.03143956520971381,data/raw/cfd/images/CFD-BM-219-141-N.jpg,SIM_003
BM-221,24,13,0.15458607848159067,0.4307236316640495,10,0.036546829411165466,data/raw/cfd/images/CFD-BM-221-198-N.jpg,SIM_003
BM-222,24,16,0.6169593118830632,0.44070433804453735,3,0.05803043818708371,data/raw/cfd/images/CFD-BM-222-173-N.jpg,SIM_003
BM-223,24,14,0.306110801749466,0.4325904539519012,9,0.04252614907515038,data/raw/cfd/images/CFD-BM-223-171-N.jpg,SIM_003
BM-224,24,9,-0.45285388079956307,0.43669771231598514,18,0.0199086533024712,data/raw/cfd/images/CFD-BM-224-073-N.jpg,SIM_003
BM-225,24,13,0.1545860784815906,0.43072363166404953,14,0.036546829411165466,data/raw/cfd/images/CFD-BM-225-154-N.jpg,SIM_003
BM-226,24,6,-0.9439555221937392,0.4573166656496934,23,0.012183137641496537,data/raw/cfd/images/CFD-BM-226-276-N.jpg,SIM_003
BM-227,24,16,0.6169593118830631,0.4407043380445374,4,0.05803043818708371,data/raw/cfd/images/CFD-BM-227-191-N.jpg,SIM_003
BM-228,24,15,0.45980943230246435,0.4358757377586729,5,0.049591417755538866,data/raw/cfd/images/CFD-BM-228-145-N.jpg,SIM_003
BM-229,24,13,0.15458607848159067,0.43072363166404953,10,0.036546829411165466,data/raw/cfd/images/CFD-BM-229-209-N.jpg,SIM_003
BM-231,24,11,-0.14659935869928775,0.4310045492752593,17,0.02704248096515214,data/raw/cfd/images/CFD-BM-231-155-N.jpg,SIM_003
BM-236,24,22,1.7378062151787737,0.5203512036697558,1,0.17800552204110448,data/raw/cfd/images/CFD-BM-236-248-N.jpg,SIM_003
BM-237,24,9,-0.4528538807995631,0.4366977123159849,19,0.0199086533024712,data/raw/cfd/images/CFD-BM-237-188-N.jpg,SIM_003
BM-239,24,8,-0.6108840620871726,0.4417749270446982,20,0.01699848623765694,data/raw/cfd/images/CFD-BM-239-136-N.jpg,SIM_003
BF-007,24,11,-0.1486313117243037,0.43840252008697694,16,0.025004462216580474,data/raw/cfd/images/CFD-BF-007-001-N.jpg,SIM_004
BF-242,24,7,-0.8013043934588645,0.4555912058618485,21,0.013018627492088554,data/raw/cfd/images/CFD-BF-242-154-N.jpg,SIM_004
BF-255,24,15,0.4821830049094707,0.4425739969871382,7,0.04698688941774181,data/raw/cfd/images/CFD-BF-255-140-N.jpg,SIM_004
BM-211,24,21,1.5651502777887782,0.5012069382750253,1,0.1387724979843921,data/raw/cfd/images/CFD-BM-211-174-N.jpg,SIM_004
BM-212,24,2,-1.7932048954132054,0.5259367981418948,25,0.004828233732420695,data/raw/cfd/images/CFD-BM-212-117-N.jpg,SIM_004
BM-213,24,4,-1.356869248652482,0.48805374350673136,24,0.0074694125937355485,data/raw/cfd/images/CFD-BM-213-134-N.jpg,SIM_004
BM-214,24,16,0.6449076835323265,0.4470581701936734,6,0.0552900681455753,data/raw/cfd/images/CFD-BM-214-075-N.jpg,SIM_004
BM-215,24,9,-0.4676216333318555,0.4440640599607875,18,0.01817530811570007,data/raw/cfd/images/CFD-BM-215-155-N.jpg,SIM_004
BM-216,24,12,0.008337416887099287,0.4375203475212221,13,0.02925419628770608,data/raw/cfd/images/CFD-BM-216-088-N.jpg,SIM_004
BM-217,24,5,-1.1616144860476763,0.47469220799975986,22,0.00907997213050493,data/raw/cfd/images/CFD-BM-217-082-N.jpg,SIM_004
BM-218,24,17,0.8121935707539473,0.4531916920426916,5,0.06535795619408322,data/raw/cfd/images/CFD-BM-218-132-N.jpg,SIM_004
BM-219,24,15,0.4821830049094705,0.44257399698713823,9,0.04698688941774181,data/raw/cfd/images/CFD-BM-219-141-N.jpg,SIM_004
BM-221,24,12,0.00833741688709928,0.4375203475212227,14,0.02925419628770608,data/raw/cfd/images/CFD-BM-221-198-N.jpg,SIM_004
BM-222,24,19,1.1672261318395127,0.47154097407761447,3,0.0932152878689282,data/raw/cfd/images/CFD-BM-222-173-N.jpg,SIM_004
BM-223,24,13,0.16506961531765663,0.43789824176313336,11,0.034218116452391666,data/raw/cfd/images/CFD-BM-223-171-N.jpg,SIM_004
BM-224,24,7,-0.8013043934588644,0.4555912058618485,20,0.01301862749208856,data/raw/cfd/images/CFD-BM-224-073-N.jpg,SIM_004
BM-225,24,14,0.3226434652752139,0.4395600903619838,10,0.04005802686789865,data/raw/cfd/images/CFD-BM-225-154-N.jpg,SIM_004
BM-226,24,9,-0.4676216333318556,0.4440640599607875,19,0.01817530811570007,data/raw/cfd/images/CFD-BM-226-276-N.jpg,SIM_004
BM-227,24,18,0.9856508957183899,0.4612318771633146,4,0.07773740194329307,data/raw/cfd/images/CFD-BM-227-191-N.jpg,SIM_004
BM-228,24,13,0.16506961531765663,0.43789824176313336,11,0.034218116452391666,data/raw/cfd/images/CFD-BM-228-145-N.jpg,SIM_004
BM-229,24,10,-0.3069121713059203,0.440563075390239,17,0.021344059086450387,data/raw/cfd/images/CFD-BM-229-209-N.jpg,SIM_004
BM-231,24,5,-1.1616144860476765,0.47469220799976003,23,0.00907997213050493,data/raw/cfd/images/CFD-BM-231-155-N.jpg,SIM_004
BM-236,24,19,1.167226131839513,0.47154097407761447,2,0.09321528786892821,data/raw/cfd/images/CFD-BM-236-248-N.jpg,SIM_004
BM-237,24,12,0.008337416887099212,0.437520347521223,15,0.029254196287706074,data/raw/cfd/images/CFD-BM-237-188-N.jpg,SIM_004
BM-239,24,15,0.4821830049094707,0.4425739969871381,7,0.04698688941774181,data/raw/cfd/images/CFD-BM-239-136-N.jpg,SIM_004
BF-007,24,12,0.006982518389950377,0.43550039298201615,14,0.030740955695748216,data/raw/cfd/images/CFD-BF-007-001-N.jpg,SIM_005
BF-242,24,8,-0.626085275032074,0.4466370712173112,17,0.016322230840496926,data/raw/cfd/images/CFD-BF-242-154-N.jpg,SIM_005
BF-255,24,19,1.1533143562782417,0.4692025118240635,1,0.09673039397899641,data/raw/cfd/images/CFD-BF-255-140-N.jpg,SIM_005
BM-211,24,17,0.8022487613715739,0.4509950659691657,4,0.06809215921994521,data/raw/cfd/images/CFD-BM-211-174-N.jpg,SIM_005
BM-212,24,3,-1.54800530562297,0.5018839917107395,25,0.006492242504158109,data/raw/cfd/images/CFD-BM-212-117-N.jpg,SIM_005
BM-213,24,5,-1.148863660647933,0.4718850981699023,23,0.009676977862315016,data/raw/cfd/images/CFD-BM-213-134-N.jpg,SIM_005
BM-214,24,13,0.1620660639899202,0.43589366405060465,12,0.03589792063815986,data/raw/cfd/images/CFD-BM-214-075-N.jpg,SIM_005
BM-215,24,7,-0.793299825412633,0.4530667679103138,20,0.013808902370278223,data/raw/cfd/images/CFD-BM-215-155-N.jpg,SIM_005
BM-216,24,11,-0.14830788140672774,0.43633592167270074,15,0.02631937677663465,data/raw/cfd/images/CFD-BM-216-088-N.jpg,SIM_005
BM-217,24,5,-1.148863660647933,0.4718850981699022,23,0.009676977862315016,data/raw/cfd/images/CFD-BM-217-082-N.jpg,SIM_005
BM-218,24,17,0.8022487613715739,0.4509950659691657,4,0.06809215921994521,data/raw/cfd/images/CFD-BM-218-132-N.jpg,SIM_005
BM-219,24,13,0.16206606398992013,0.4358936640506047,13,0.03589792063815986,data/raw/cfd/images/CFD-BM-219-141-N.jpg,SIM_005
BM-221,24,14,0.3179856824367359,0.4375411197432002,11,0.04195505773007404,data/raw/cfd/images/CFD-BM-221-198-N.jpg,SIM_005
BM-222,24,16,0.6368025861060659,0.44493656224389266,9,0.05770915895602019,data/raw/cfd/images/CFD-BM-222-173-N.jpg,SIM_005
BM-223,24,16,0.636802586106066,0.4449365622438927,6,0.05770915895602019,data/raw/cfd/images/CFD-BM-223-171-N.jpg,SIM_005
BM-224,24,10,-0.30484494614019514,0.438418936757959,16,0.02250569442497366,data/raw/cfd/images/CFD-BM-224-073-N.jpg,SIM_005
BM-225,24,16,0.636802586106066,0.44493656224389266,6,0.05770915895602019,data/raw/cfd/images/CFD-BM-225-154-N.jpg,SIM_005
BM-226,24,8,-0.626085275032074,0.446637071217311,17,0.016322230840496926,data/raw/cfd/images/CFD-BM-226-276-N.jpg,SIM_005
BM-227,24,18,0.973770301121291,0.4589579341399107,3,0.08083286355529752,data/raw/cfd/images/CFD-BM-227-191-N.jpg,SIM_005
BM-228,24,16,0.636802586106066,0.4449365622438927,6,0.05770915895602019,data/raw/cfd/images/CFD-BM-228-145-N.jpg,SIM_005
BM-229,24,7,-0.793299825412633,0.45306676791031375,20,0.013808902370278223,data/raw/cfd/images/CFD-BM-229-209-N.jpg,SIM_005
BM-231,24,7,-0.793299825412633,0.45306676791031375,20,0.013808902370278223,data/raw/cfd/images/CFD-BM-231-155-N.jpg,SIM_005
BM-236,24,19,1.1533143562782417,0.46920251182406353,1,0.09673039397899641,data/raw/cfd/images/CFD-BM-236-248-N.jpg,SIM_005
BM-237,24,8,-0.626085275032074,0.44663707121731105,17,0.016322230840496926,data/raw/cfd/images/CFD-BM-237-188-N.jpg,SIM_005
BM-239,24,15,0.47583354614816725,0.44051421636613536,10,0.04912887045787464,data/raw/cfd/images/CFD-BM-239-136-N.jpg,SIM_005
BF-007,24,14,0.3160359283619338,0.4360787812975839,10,0.04227211839940013,data/raw/cfd/images/CFD-BF-007-001-N.jpg,SIM_006
BF-242,24,3,-1.5396394481125417,0.5020578756854266,24,0.0066091321566526485,data/raw/cfd/images/CFD-BF-242-154-N.jpg,SIM_006
BF-255,24,18,0.9676770552069455,0.45807285016448984,3,0.08110696637994129,data/raw/cfd/images/CFD-BF-255-140-N.jpg,SIM_006
BM-211,24,15,0.4726535290110584,0.4391575110865944,7,0.04943928395231131,data/raw/cfd/images/CFD-BM-211-174-N.jpg,SIM_006
BM-212,24,5,-1.1406116618177362,0.4713716047978694,23,0.00985008553645678,data/raw/cfd/images/CFD-BM-212-117-N.jpg,SIM_006
BM-213,24,3,-1.5396394481125417,0.5020578756854268,24,0.0066091321566526485,data/raw/cfd/images/CFD-BM-213-134-N.jpg,SIM_006
BM-214,24,16,0.6325072435852243,0.4437143887442486,6,0.058009050672697925,data/raw/cfd/images/CFD-BM-214-075-N.jpg,SIM_006
BM-215,24,12,0.007721327170537626,0.43393133124450295,13,0.03105665533858137,data/raw/cfd/images/CFD-BM-215-155-N.jpg,SIM_006
BM-216,24,8,-0.6201406837079577,0.4453782134303461,20,0.016575921282142702,data/raw/cfd/images/CFD-BM-216-088-N.jpg,SIM_006
BM-217,24,10,-0.3013584070202509,0.43690939804735957,17,0.022799381168236075,data/raw/cfd/images/CFD-BM-217-082-N.jpg,SIM_006
BM-218,24,15,0.47265352901105834,0.4391575110865945,9,0.04943928395231131,data/raw/cfd/images/CFD-BM-218-132-N.jpg,SIM_006
BM-219,24,19,1.1465712167235298,0.46851061091467616,1,0.09699534790313678,data/raw/cfd/images/CFD-BM-219-141-N.jpg,SIM_006
BM-221,24,13,0.16143361680349172,0.4343591099700475,11,0.03621688395418753,data/raw/cfd/images/CFD-BM-221-198-N.jpg,SIM_006
BM-222,24,18,0.9676770552069455,0.4580728501644902,3,0.08110696637994129,data/raw/cfd/images/CFD-BM-222-173-N.jpg,SIM_006
BM-223,24,10,-0.30135840702025085,0.4369093980473594,16,0.022799381168236075,data/raw/cfd/images/CFD-BM-223-171-N.jpg,SIM_006
BM-224,24,9,-0.4589362674880882,0.4404047922992204,18,0.01947546626869673,data/raw/cfd/images/CFD-BM-224-073-N.jpg,SIM_006
BM-225,24,11,-0.14618198032118906,0.43477402835610124,15,0.026626576153929184,data/raw/cfd/images/CFD-BM-225-154-N.jpg,SIM_006
BM-226,24,8,-0.6201406837079577,0.44537821343034595,20,0.016575921282142702,data/raw/cfd/images/CFD-BM-226-276-N.jpg,SIM_006
BM-227,24,18,0.9676770552069455,0.45807285016449023,3,0.08110696637994129,data/raw/cfd/images/CFD-BM-227-191-N.jpg,SIM_006
BM-228,24,9,-0.4589362674880882,0.4404047922992204,18,0.01947546626869673,data/raw/cfd/images/CFD-BM-228-145-N.jpg,SIM_006
BM-229,24,11,-0.14618198032118904,0.4347740283561011,14,0.026626576153929184,data/raw/cfd/images/CFD-BM-229-209-N.jpg,SIM_006
BM-231,24,8,-0.6201406837079577,0.445378213430346,20,0.016575921282142702,data/raw/cfd/images/CFD-BM-231-155-N.jpg,SIM_006
BM-236,24,19,1.1465712167235298,0.46851061091467605,1,0.09699534790313678,data/raw/cfd/images/CFD-BM-236-248-N.jpg,SIM_006
BM-237,24,15,0.4726535290110584,0.4391575110865945,7,0.04943928395231131,data/raw/cfd/images/CFD-BM-237-188-N.jpg,SIM_006
BM-239,24,13,0.16143361680349164,0.4343591099700473,12,0.036216883954187526,data/raw/cfd/images/CFD-BM-239-136-N.jpg,SIM_006
BF-007,24,17,0.7951432351210154,0.4484337670704855,4,0.0694031779843987,data/raw/cfd/images/CFD-BF-007-001-N.jpg,SIM_007
BF-242,24,6,-0.9504202446759276,0.46031316358469904,23,0.012114089285245946,data/raw/cfd/images/CFD-BF-242-154-N.jpg,SIM_007
BF-255,24,15,0.4734714835956306,0.437683817595337,5,0.050312869901001034,data/raw/cfd/images/CFD-BF-255-140-N.jpg,SIM_007
BM-211,24,15,0.47347148359563057,0.43768381759533703,7,0.050312869901001034,data/raw/cfd/images/CFD-BM-211-174-N.jpg,SIM_007
BM-212,24,1,-2.008210877840049,0.5528246790728577,25,0.004206279575824068,data/raw/cfd/images/CFD-BM-212-117-N.jpg,SIM_007
BM-213,24,8,-0.6121462895614755,0.44468862504521844,18,0.016990309193296308,data/raw/cfd/images/CFD-BM-213-134-N.jpg,SIM_007
BM-214,24,14,0.3181376519713993,0.4346539686633813,11,0.04307432343417612,data/raw/cfd/images/CFD-BM-214-075-N.jpg,SIM_007
BM-215,24,14,0.3181376519713993,0.43465396866338124,11,0.04307432343417612,data/raw/cfd/images/CFD-BM-215-155-N.jpg,SIM_007
BM-216,24,12,0.012204521750546147,0.43266787652022,15,0.03172147655626238,data/raw/cfd/images/CFD-BM-216-088-N.jpg,SIM_007
BM-217,24,8,-0.6121462895614755,0.44468862504521844,18,0.016990309193296308,data/raw/cfd/images/CFD-BM-217-082-N.jpg,SIM_007
BM-218,24,14,0.3181376519713994,0.43465396866338124,8,0.04307432343417613,data/raw/cfd/images/CFD-BM-218-132-N.jpg,SIM_007
BM-219,24,15,0.4734714835956306,0.4376838175953369,5,0.050312869901001034,data/raw/cfd/images/CFD-BM-219-141-N.jpg,SIM_007
BM-221,24,14,0.31813765197139937,0.43465396866338124,9,0.04307432343417613,data/raw/cfd/images/CFD-BM-221-198-N.jpg,SIM_007
BM-222,24,19,1.1421338797701064,0.467107857858534,3,0.0981918583825994,data/raw/cfd/images/CFD-BM-222-173-N.jpg,SIM_007
BM-223,24,8,-0.6121462895614755,0.4446886250452182,18,0.016990309193296308,data/raw/cfd/images/CFD-BM-223-171-N.jpg,SIM_007
BM-224,24,9,-0.45161438183069125,0.43953684420208794,17,0.019948920703456052,data/raw/cfd/images/CFD-BM-224-073-N.jpg,SIM_007
BM-225,24,19,1.1421338797701066,0.4671078578585342,1,0.09819185838259943,data/raw/cfd/images/CFD-BM-225-154-N.jpg,SIM_007
BM-226,24,7,-0.777865262404839,0.4515266276944316,22,0.014395622412326739,data/raw/cfd/images/CFD-BM-226-276-N.jpg,SIM_007
BM-227,24,13,0.1647633335527673,0.4330047903963659,14,0.036949523709598434,data/raw/cfd/images/CFD-BM-227-191-N.jpg,SIM_007
BM-228,24,14,0.3181376519713993,0.43465396866338135,11,0.04307432343417612,data/raw/cfd/images/CFD-BM-228-145-N.jpg,SIM_007
BM-229,24,8,-0.6121462895614755,0.4446886250452183,18,0.016990309193296308,data/raw/cfd/images/CFD-BM-229-209-N.jpg,SIM_007
BM-231,24,6,-0.9504202446759278,0.46031316358469915,24,0.012114089285245941,data/raw/cfd/images/CFD-BM-231-155-N.jpg,SIM_007
BM-236,24,19,1.1421338797701066,0.4671078578585341,1,0.09819185838259943,data/raw/cfd/images/CFD-BM-236-248-N.jpg,SIM_007
BM-237,24,11,-0.14063692267659944,0.4336213971505169,16,0.02722545825859835,data/raw/cfd/images/CFD-BM-237-188-N.jpg,SIM_007
BM-239,24,14,0.31813765197139937,0.4346539686633813,9,0.04307432343417613,data/raw/cfd/images/CFD-BM-239-136-N.jpg,SIM_007
BF-007,24,16,0.6378751225072066,0.4456925701311757,7,0.05620017393621579,data/raw/cfd/images/CFD-BF-007-001-N.jpg,SIM_008
BF-242,24,10,-0.30479737766769854,0.43841351876345896,17,0.021894760282088557,data/raw/cfd/images/CFD-BF-242-154-N.jpg,SIM_008
BF-255,24,20,1.3486061922620327,0.48376397465864,1,0.11439426214356738,data/raw/cfd/images/CFD-BF-255-140-N.jpg,SIM_008
BM-211,24,20,1.3486061922620327,0.48376397465864024,1,0.11439426214356738,data/raw/cfd/images/CFD-BM-211-174-N.jpg,SIM_008
BM-212,24,1,-2.0284963892939594,0.5528572801724481,25,0.0039061347889708274,data/raw/cfd/images/CFD-BM-212-117-N.jpg,SIM_008
BM-213,24,10,-0.3047973776676983,0.4384135187634586,15,0.021894760282088567,data/raw/cfd/images/CFD-BM-213-134-N.jpg,SIM_008
BM-214,24,9,-0.4635803604744263,0.4418432492476576,18,0.018680204286773618,data/raw/cfd/images/CFD-BM-214-075-N.jpg,SIM_008
BM-215,24,9,-0.4635803604744263,0.4418432492476575,18,0.018680204286773618,data/raw/cfd/images/CFD-BM-215-155-N.jpg,SIM_008
BM-216,24,12,0.00689497010939529,0.43559568170943347,12,0.02990242854824166,data/raw/cfd/images/CFD-BM-216-088-N.jpg,SIM_008
BM-217,24,7,-0.793291537865554,0.4533686597951425,21,0.013433521551611073,data/raw/cfd/images/CFD-BM-217-082-N.jpg,SIM_008
BM-218,24,14,0.31814441082104666,0.4379127944183733,10,0.040820693242862346,data/raw/cfd/images/CFD-BM-218-132-N.jpg,SIM_008
BM-219,24,18,0.9765608845573931,0.46012685774986495,3,0.078854597127363,data/raw/cfd/images/CFD-BM-219-141-N.jpg,SIM_008
BM-221,24,17,0.8040778619704223,0.4519596697265319,5,0.06636186646669799,data/raw/cfd/images/CFD-BM-221-198-N.jpg,SIM_008
BM-222,24,18,0.9765608845573931,0.460126857749865,3,0.078854597127363,data/raw/cfd/images/CFD-BM-222-173-N.jpg,SIM_008
BM-223,24,11,-0.14835231521176054,0.4363549500808277,13,0.02560256173176996,data/raw/cfd/images/CFD-BM-223-171-N.jpg,SIM_008
BM-224,24,6,-0.9672683243316682,0.4619099672381994,23,0.011288408525258819,data/raw/cfd/images/CFD-BM-224-073-N.jpg,SIM_008
BM-225,24,14,0.3181444108210467,0.4379127944183733,9,0.040820693242862346,data/raw/cfd/images/CFD-BM-225-154-N.jpg,SIM_008
BM-226,24,5,-1.1498608920116458,0.4727553776364624,24,0.009404458048478719,data/raw/cfd/images/CFD-BM-226-276-N.jpg,SIM_008
BM-227,24,15,0.4763533235588384,0.4410691443190836,8,0.04781780467564196,data/raw/cfd/images/CFD-BM-227-191-N.jpg,SIM_008
BM-228,24,11,-0.14835231521176057,0.43635495008082814,14,0.02560256173176996,data/raw/cfd/images/CFD-BM-228-145-N.jpg,SIM_008
BM-229,24,7,-0.793291537865554,0.45336865979514257,21,0.013433521551611073,data/raw/cfd/images/CFD-BM-229-209-N.jpg,SIM_008
BM-231,24,9,-0.4635803604744263,0.44184324924765767,18,0.018680204286773618,data/raw/cfd/images/CFD-BM-231-155-N.jpg,SIM_008
BM-236,24,17,0.8040778619704222,0.4519596697265319,6,0.06636186646669798,data/raw/cfd/images/CFD-BM-236-248-N.jpg,SIM_008
BM-237,24,14,0.31814441082104666,0.43791279441837333,10,0.040820693242862346,data/raw/cfd/images/CFD-BM-237-188-N.jpg,SIM_008
BM-239,24,10,-0.3047973776676984,0.4384135187634587,16,0.02189476028208856,data/raw/cfd/images/CFD-BM-239-136-N.jpg,SIM_008
BF-007,24,10,-0.30952885803101393,0.4383145930822345,16,0.021789713728202112,data/raw/cfd/images/CFD-BF-007-001-N.jpg,SIM_009
BF-242,24,8,-0.6302846795194776,0.446365481017606,20,0.015810625114462552,data/raw/cfd/images/CFD-BF-242-154-N.jpg,SIM_009
BF-255,24,15,0.4724502480467242,0.44139441332703494,9,0.0476278234718457,data/raw/cfd/images/CFD-BF-255-140-N.jpg,SIM_009
BM-211,24,20,1.3465846835131667,0.48416313941083094,1,0.11415435829347195,data/raw/cfd/images/CFD-BM-211-174-N.jpg,SIM_009
BM-212,24,3,-1.5512800397645579,0.501946680114281,24,0.006294566678949459,data/raw/cfd/images/CFD-BM-212-117-N.jpg,SIM_009
BM-213,24,6,-0.970533012016531,0.46110118133609235,23,0.011250739469633638,data/raw/cfd/images/CFD-BM-213-134-N.jpg,SIM_009
BM-214,24,12,0.0022588343573023252,0.43571584906442823,11,0.029761800342005245,data/raw/cfd/images/CFD-BM-214-075-N.jpg,SIM_009
BM-215,24,9,-0.4681887571577095,0.4416047375496779,19,0.01859286884888514,data/raw/cfd/images/CFD-BM-215-155-N.jpg,SIM_009
BM-216,24,11,-0.15308629068540314,0.43637485177102797,14,0.025479662334946446,data/raw/cfd/images/CFD-BM-216-088-N.jpg,SIM_009
BM-217,24,3,-1.5512800397645579,0.5019466801142809,24,0.006294566678949459,data/raw/cfd/images/CFD-BM-217-082-N.jpg,SIM_009
BM-218,24,18,0.9737574953391204,0.46053323700772697,4,0.07862772436094491,data/raw/cfd/images/CFD-BM-218-132-N.jpg,SIM_009
BM-219,24,17,0.8008871244277499,0.45235174531495076,5,0.06614531033020192,data/raw/cfd/images/CFD-BM-219-141-N.jpg,SIM_009
BM-221,24,16,0.6343143613611673,0.44605778664738227,8,0.055996054365954055,data/raw/cfd/images/CFD-BM-221-198-N.jpg,SIM_009
BM-222,24,17,0.8008871244277499,0.4523517453149508,5,0.06614531033020192,data/raw/cfd/images/CFD-BM-222-173-N.jpg,SIM_009
BM-223,24,10,-0.30952885803101393,0.4383145930822342,16,0.021789713728202112,data/raw/cfd/images/CFD-BM-223-171-N.jpg,SIM_009
BM-224,24,10,-0.3095288580310138,0.4383145930822342,15,0.021789713728202112,data/raw/cfd/images/CFD-BM-224-073-N.jpg,SIM_009
BM-225,24,16,0.6343143613611674,0.44605778664738216,7,0.05599605436595406,data/raw/cfd/images/CFD-BM-225-154-N.jpg,SIM_009
BM-226,24,7,-0.7971947752368359,0.452777970836727,22,0.013380147705364515,data/raw/cfd/images/CFD-BM-226-276-N.jpg,SIM_009
BM-227,24,20,1.3465846835131667,0.48416313941083117,1,0.11415435829347195,data/raw/cfd/images/CFD-BM-227-191-N.jpg,SIM_009
BM-228,24,12,0.002258834357302306,0.43571584906442823,12,0.029761800342005245,data/raw/cfd/images/CFD-BM-228-145-N.jpg,SIM_009
BM-229,24,14,0.3139386495569672,0.4381844477567676,10,0.04064620682890642,data/raw/cfd/images/CFD-BM-229-209-N.jpg,SIM_009
BM-231,24,11,-0.15308629068540303,0.43637485177102775,13,0.025479662334946446,data/raw/cfd/images/CFD-BM-231-155-N.jpg,SIM_009
BM-236,24,18,0.9737574953391205,0.460533237007727,3,0.07862772436094492,data/raw/cfd/images/CFD-BM-236-248-N.jpg,SIM_009
BM-237,24,9,-0.4681887571577094,0.4416047375496779,18,0.01859286884888514,data/raw/cfd/images/CFD-BM-237-188-N.jpg,SIM_009
BM-239,24,8,-0.6302846795194776,0.4463654810176057,20,0.015810625114462552,data/raw/cfd/images/CFD-BM-239-136-N.jpg,SIM_009
BF-007,24,16,0.6302446196532516,0.4442121307065962,6,0.05745603773945302,data/raw/cfd/images/CFD-BF-007-001-N.jpg,SIM_010
BF-242,24,7,-0.789119053762983,0.45149525843816496,22,0.01389676974812569,data/raw/cfd/images/CFD-BF-242-154-N.jpg,SIM_010
BF-255,24,13,0.15809540672347497,0.43462174822985844,12,0.035833058223795955,data/raw/cfd/images/CFD-BF-255-140-N.jpg,SIM_010
BM-211,24,15,0.4699629820938296,0.43958888024137355,7,0.04894701843805522,data/raw/cfd/images/CFD-BM-211-174-N.jpg,SIM_010
BM-212,24,2,-1.763478728959743,0.5227042605933349,25,0.005245112788975158,data/raw/cfd/images/CFD-BM-212-117-N.jpg,SIM_010
BM-213,24,8,-0.6233266333472353,0.44501199905610306,20,0.016402747336590435,data/raw/cfd/images/CFD-BM-213-134-N.jpg,SIM_010
BM-214,24,15,0.4699629820938295,0.43958888024137344,9,0.04894701843805521,data/raw/cfd/images/CFD-BM-214-075-N.jpg,SIM_010
BM-215,24,13,0.15809540672347497,0.43462174822985883,12,0.035833058223795955,data/raw/cfd/images/CFD-BM-215-155-N.jpg,SIM_010
BM-216,24,10,-0.30496960157317693,0.4368255078015472,15,0.022551596757747767,data/raw/cfd/images/CFD-BM-216-088-N.jpg,SIM_010
BM-217,24,13,0.15809540672347483,0.4346217482298586,14,0.03583305822379595,data/raw/cfd/images/CFD-BM-217-082-N.jpg,SIM_010
BM-218,24,18,0.9664288833433247,0.4586698190266605,3,0.08041529207319123,data/raw/cfd/images/CFD-BM-218-132-N.jpg,SIM_010
BM-219,24,20,1.3360336478360748,0.482419411959166,1,0.11637399765597288,data/raw/cfd/images/CFD-BM-219-141-N.jpg,SIM_010
BM-221,24,8,-0.6233266333472351,0.44501199905610306,17,0.016402747336590442,data/raw/cfd/images/CFD-BM-221-198-N.jpg,SIM_010
BM-222,24,18,0.9664288833433247,0.45866981902666065,3,0.08041529207319123,data/raw/cfd/images/CFD-BM-222-173-N.jpg,SIM_010
BM-223,24,15,0.4699629820938296,0.43958888024137344,7,0.04894701843805522,data/raw/cfd/images/CFD-BM-223-171-N.jpg,SIM_010
BM-224,24,8,-0.6233266333472351,0.44501199905610317,17,0.016402747336590442,data/raw/cfd/images/CFD-BM-224-073-N.jpg,SIM_010
BM-225,24,17,0.7951973533999903,0.4504845148489102,5,0.06776005269882848,data/raw/cfd/images/CFD-BM-225-154-N.jpg,SIM_010
BM-226,24,7,-0.789119053762983,0.4514952584381647,22,0.01389676974812569,data/raw/cfd/images/CFD-BM-226-276-N.jpg,SIM_010
BM-227,24,14,0.31298320901319865,0.4364319631871934,10,0.04183606153211509,data/raw/cfd/images/CFD-BM-227-191-N.jpg,SIM_010
BM-228,24,6,-0.9613967258051573,0.45989664159507687,24,0.011697542170824596,data/raw/cfd/images/CFD-BM-228-145-N.jpg,SIM_010
BM-229,24,10,-0.30496960157317693,0.43682550780154716,15,0.022551596757747767,data/raw/cfd/images/CFD-BM-229-209-N.jpg,SIM_010
BM-231,24,7,-0.7891190537629829,0.45149525843816474,21,0.01389676974812569,data/raw/cfd/images/CFD-BM-231-155-N.jpg,SIM_010
BM-236,24,19,1.14589118282459,0.4691403648677815,2,0.09622283095186443,data/raw/cfd/images/CFD-BM-236-248-N.jpg,SIM_010
BM-237,24,13,0.158095406723475,0.43462174822985855,11,0.035833058223795955,data/raw/cfd/images/CFD-BM-237-188-N.jpg,SIM_010
BM-239,24,8,-0.6233266333472351,0.44501199905610306,17,0.016402747336590442,data/raw/cfd/images/CFD-BM-239-136-N.jpg,SIM_010
BF-007,24,16,0.6261934852457857,0.44097600493168215,4,0.06016840317888819,data/raw/cfd/images/CFD-BF-007-001-N.jpg,SIM_011
BF-242,24,6,-0.9454418712185206,0.4587869543984465,22,0.012497292163521828,data/raw/cfd/images/CFD-BF-242-154-N.jpg,SIM_011
BF-255,24,14,0.3143715652971626,0.43342651155919043,10,0.044050003438388795,data/raw/cfd/images/CFD-BF-255-140-N.jpg,SIM_011
BM-211,24,16,0.6261934852457857,0.4409760049316821,4,0.06016840317888819,data/raw/cfd/images/CFD-BM-211-174-N.jpg,SIM_011
BM-212,24,2,-1.7463092184594886,0.5228821806724933,25,0.005610526956044426,data/raw/cfd/images/CFD-BM-212-117-N.jpg,SIM_011
BM-213,24,7,-0.7741712198997956,0.45008756934504346,21,0.014831935279496352,data/raw/cfd/images/CFD-BM-213-134-N.jpg,SIM_011
BM-214,24,12,0.01045439997074189,0.43143417040203674,14,0.032505466172364605,data/raw/cfd/images/CFD-BM-214-075-N.jpg,SIM_011
BM-215,24,12,0.010454399970741858,0.4314341704020368,15,0.032505466172364605,data/raw/cfd/images/CFD-BM-215-155-N.jpg,SIM_011
BM-216,24,13,0.1620054298911835,0.431777688243371,11,0.03782458526470089,data/raw/cfd/images/CFD-BM-216-088-N.jpg,SIM_011
BM-217,24,10,-0.29455668002142904,0.43461228551836667,18,0.023960273430033527,data/raw/cfd/images/CFD-BM-217-082-N.jpg,SIM_011
BM-218,24,16,0.6261934852457857,0.4409760049316822,4,0.06016840317888819,data/raw/cfd/images/CFD-BM-218-132-N.jpg,SIM_011
BM-219,24,16,0.6261934852457857,0.4409760049316822,4,0.06016840317888819,data/raw/cfd/images/CFD-BM-219-141-N.jpg,SIM_011
BM-221,24,12,0.010454399970741908,0.43143417040203674,13,0.032505466172364605,data/raw/cfd/images/CFD-BM-221-198-N.jpg,SIM_011
BM-222,24,18,0.9566048957226528,0.45536232193814496,2,0.08372677014805992,data/raw/cfd/images/CFD-BM-222-173-N.jpg,SIM_011
BM-223,24,16,0.6261934852457857,0.4409760049316822,4,0.06016840317888819,data/raw/cfd/images/CFD-BM-223-171-N.jpg,SIM_011
BM-224,24,6,-0.9454418712185206,0.4587869543984464,22,0.012497292163521828,data/raw/cfd/images/CFD-BM-224-073-N.jpg,SIM_011
BM-225,24,16,0.6261934852457857,0.4409760049316823,4,0.06016840317888819,data/raw/cfd/images/CFD-BM-225-154-N.jpg,SIM_011
BM-226,24,8,-0.6096461155926318,0.44331967435029457,19,0.01748437717849446,data/raw/cfd/images/CFD-BM-226-276-N.jpg,SIM_011
BM-227,24,17,0.7882843573679369,0.44718908015496067,3,0.07075606254325122,data/raw/cfd/images/CFD-BM-227-191-N.jpg,SIM_011
BM-228,24,12,0.01045439997074196,0.4314341704020368,12,0.03250546617236461,data/raw/cfd/images/CFD-BM-228-145-N.jpg,SIM_011
BM-229,24,11,-0.14137032819068857,0.4323721022350772,17,0.027926708838759362,data/raw/cfd/images/CFD-BM-229-209-N.jpg,SIM_011
BM-231,24,8,-0.6096461155926318,0.4433196743502946,19,0.01748437717849446,data/raw/cfd/images/CFD-BM-231-155-N.jpg,SIM_011
BM-236,24,19,1.1331508599662985,0.4658792759509809,1,0.09989351065216402,data/raw/cfd/images/CFD-BM-236-248-N.jpg,SIM_011
BM-237,24,6,-0.9454418712185206,0.4587869543984466,22,0.012497292163521828,data/raw/cfd/images/CFD-BM-237-188-N.jpg,SIM_011
BM-239,24,11,-0.1413703281906885,0.4323721022350774,16,0.02792670883875937,data/raw/cfd/images/CFD-BM-239-136-N.jpg,SIM_011
BF-007,24,12,0.006399325720526034,0.4309746022423716,15,0.0322138756945528,data/raw/cfd/images/CFD-BF-007-001-N.jpg,SIM_012
BF-242,24,9,-0.45271657935929666,0.43747863955156535,18,0.020354079870709613,data/raw/cfd/images/CFD-BF-242-154-N.jpg,SIM_012
BF-255,24,18,0.9521618812088711,0.4556448071355457,2,0.08294351528661127,data/raw/cfd/images/CFD-BF-255-140-N.jpg,SIM_012
BM-211,24,20,1.3168389124984183,0.47982991141278414,1,0.11944271316632495,data/raw/cfd/images/CFD-BM-211-174-N.jpg,SIM_012
BM-212,24,6,-0.945619417454521,0.45781509769150924,23,0.012433302259543288,data/raw/cfd/images/CFD-BM-212-117-N.jpg,SIM_012
BM-213,24,3,-1.5193917718146726,0.4998249795680812,25,0.00700487394333601,data/raw/cfd/images/CFD-BM-213-134-N.jpg,SIM_012
BM-214,24,16,0.6214112912469446,0.440989176522609,5,0.05958532074124517,data/raw/cfd/images/CFD-BM-214-075-N.jpg,SIM_012
BM-215,24,8,-0.6114330150721773,0.44249447158151917,19,0.017366879948656152,data/raw/cfd/images/CFD-BM-215-155-N.jpg,SIM_012
BM-216,24,14,0.3097349116061598,0.4331899535891837,8,0.04362947123689105,data/raw/cfd/images/CFD-BM-216-088-N.jpg,SIM_012
BM-217,24,4,-1.3148870399384074,0.48250975231254134,24,0.00859440075537914,data/raw/cfd/images/CFD-BM-217-082-N.jpg,SIM_012
BM-218,24,14,0.3097349116061597,0.4331899535891839,11,0.04362947123689104,data/raw/cfd/images/CFD-BM-218-132-N.jpg,SIM_012
BM-219,24,13,0.15760842048003074,0.43142614034279714,13,0.037472464253426645,data/raw/cfd/images/CFD-BM-219-141-N.jpg,SIM_012
BM-221,24,10,-0.2976466808545877,0.4339571895663375,17,0.023768264710104268,data/raw/cfd/images/CFD-BM-221-198-N.jpg,SIM_012
BM-222,24,18,0.9521618812088711,0.4556448071355456,2,0.08294351528661127,data/raw/cfd/images/CFD-BM-222-173-N.jpg,SIM_012
BM-223,24,13,0.15760842048003076,0.43142614034279714,12,0.037472464253426645,data/raw/cfd/images/CFD-BM-223-171-N.jpg,SIM_012
BM-224,24,8,-0.6114330150721773,0.4424944715815193,19,0.017366879948656152,data/raw/cfd/images/CFD-BM-224-073-N.jpg,SIM_012
BM-225,24,14,0.3097349116061598,0.4331899535891838,8,0.04362947123689105,data/raw/cfd/images/CFD-BM-225-154-N.jpg,SIM_012
BM-226,24,8,-0.6114330150721773,0.44249447158151906,19,0.017366879948656152,data/raw/cfd/images/CFD-BM-226-276-N.jpg,SIM_012
BM-227,24,15,0.46392171058509396,0.4363365350221065,6,0.0509028883123132,data/raw/cfd/images/CFD-BM-227-191-N.jpg,SIM_012
BM-228,24,15,0.4639217105850939,0.4363365350221065,7,0.0509028883123132,data/raw/cfd/images/CFD-BM-228-145-N.jpg,SIM_012
BM-229,24,12,0.006399325720526047,0.4309746022423717,14,0.032213875694552814,data/raw/cfd/images/CFD-BM-229-209-N.jpg,SIM_012
BM-231,24,11,-0.1449877025391649,0.43181142718352916,16,0.027688308648949233,data/raw/cfd/images/CFD-BM-231-155-N.jpg,SIM_012
BM-236,24,17,0.7836087260903134,0.44733531594829734,4,0.07007784406841155,data/raw/cfd/images/CFD-BM-236-248-N.jpg,SIM_012
BM-237,24,14,0.3097349116061598,0.4331899535891837,8,0.04362947123689105,data/raw/cfd/images/CFD-BM-237-188-N.jpg,SIM_012
BM-239,24,8,-0.6114330150721773,0.4424944715815192,19,0.017366879948656152,data/raw/cfd/images/CFD-BM-239-136-N.jpg,SIM_012
BF-007,24,14,0.3029038492563374,0.4348226005232144,10,0.04155174215982701,data/raw/cfd/images/CFD-BF-007-001-N.jpg,SIM_013
BF-242,24,4,-1.3236644343102357,0.48154583428256653,24,0.008169201480526522,data/raw/cfd/images/CFD-BF-242-154-N.jpg,SIM_013
BF-255,24,15,0.4586351476320858,0.438228242509945,6,0.04855371680491106,data/raw/cfd/images/CFD-BF-255-140-N.jpg,SIM_013
BM-211,24,21,1.5271945223212875,0.49989852906823506,1,0.14134873330973835,data/raw/cfd/images/CFD-BM-211-174-N.jpg,SIM_013
BM-212,24,4,-1.3236644343102357,0.4815458342825667,24,0.008169201480526522,data/raw/cfd/images/CFD-BM-212-117-N.jpg,SIM_013
BM-213,24,6,-0.9559138836920504,0.45731978741719587,23,0.011800261788737776,data/raw/cfd/images/CFD-BM-213-134-N.jpg,SIM_013
BM-214,24,14,0.30290384925633745,0.4348226005232145,9,0.04155174215982701,data/raw/cfd/images/CFD-BM-214-075-N.jpg,SIM_013
BM-215,24,12,-0.0027788431272973892,0.4320723341461283,13,0.030607857507194487,data/raw/cfd/images/CFD-BM-215-155-N.jpg,SIM_013
BM-216,24,8,-0.6223269616746545,0.4425145433469131,21,0.016472768749766952,data/raw/cfd/images/CFD-BM-216-088-N.jpg,SIM_013
BM-217,24,9,-0.4635505252628276,0.43776508409481313,18,0.019307334992626265,data/raw/cfd/images/CFD-BM-217-082-N.jpg,SIM_013
BM-218,24,16,0.6179108799640296,0.4431294064040427,5,0.0569370618874191,data/raw/cfd/images/CFD-BM-218-132-N.jpg,SIM_013
BM-219,24,15,0.4586351476320857,0.438228242509945,8,0.04855371680491105,data/raw/cfd/images/CFD-BM-219-141-N.jpg,SIM_013
BM-221,24,12,-0.0027788431272973827,0.4320723341461284,12,0.030607857507194487,data/raw/cfd/images/CFD-BM-221-198-N.jpg,SIM_013
BM-222,24,17,0.7821275445055823,0.4497077917970028,4,0.0670985976871756,data/raw/cfd/images/CFD-BM-222-173-N.jpg,SIM_013
BM-223,24,11,-0.1549656875100486,0.4326382156398541,14,0.026286878882738108,data/raw/cfd/images/CFD-BM-223-171-N.jpg,SIM_013
BM-224,24,10,-0.30817604224613654,0.4345130551037988,16,0.02255280747406373,data/raw/cfd/images/CFD-BM-224-073-N.jpg,SIM_013
BM-225,24,18,0.9529186479163532,0.45822492861658953,3,0.07959523651793514,data/raw/cfd/images/CFD-BM-225-154-N.jpg,SIM_013
BM-226,24,9,-0.4635505252628276,0.43776508409481296,18,0.019307334992626265,data/raw/cfd/images/CFD-BM-226-276-N.jpg,SIM_013
BM-227,24,15,0.45863514763208574,0.438228242509945,7,0.04855371680491106,data/raw/cfd/images/CFD-BM-227-191-N.jpg,SIM_013
BM-228,24,13,0.14947937751563664,0.43279318518231963,11,0.035641652854618275,data/raw/cfd/images/CFD-BM-228-145-N.jpg,SIM_013
BM-229,24,10,-0.30817604224613654,0.43451305510379895,16,0.02255280747406373,data/raw/cfd/images/CFD-BM-229-209-N.jpg,SIM_013
BM-231,24,7,-0.7859027487227933,0.4489447234344116,22,0.013987063289693843,data/raw/cfd/images/CFD-BM-231-155-N.jpg,SIM_013
BM-236,24,20,1.322621070633596,0.482697207084824,2,0.11519849351360324,data/raw/cfd/images/CFD-BM-236-248-N.jpg,SIM_013
BM-237,24,9,-0.4635505252628276,0.437765084094813,18,0.019307334992626265,data/raw/cfd/images/CFD-BM-237-188-N.jpg,SIM_013
BM-239,24,11,-0.15496568751004863,0.4326382156398541,15,0.026286878882738108,data/raw/cfd/images/CFD-BM-239-136-N.jpg,SIM_013
BF-007,24,15,0.4869451813649807,0.4427550422048812,9,0.04697142638808001,data/raw/cfd/images/CFD-BF-007-001-N.jpg,SIM_014
BF-242,24,8,-0.6271340016187977,0.44917853243429956,20,0.01541683793707413,data/raw/cfd/images/CFD-BF-242-154-N.jpg,SIM_014
BF-255,24,17,0.8172786133700554,0.4534326961903854,4,0.06535754571909679,data/raw/cfd/images/CFD-BF-255-140-N.jpg,SIM_014
BM-211,24,17,0.8172786133700553,0.4534326961903854,6,0.06535754571909679,data/raw/cfd/images/CFD-BM-211-174-N.jpg,SIM_014
BM-212,24,0,-2.3359245729122966,0.5918628247250814,25,0.002791752998405842,data/raw/cfd/images/CFD-BM-212-117-N.jpg,SIM_014
BM-213,24,8,-0.6271340016187977,0.4491785324342994,20,0.01541683793707413,data/raw/cfd/images/CFD-BM-213-134-N.jpg,SIM_014
BM-214,24,11,-0.14393672195345833,0.4384082864273649,14,0.024994544081867208,data/raw/cfd/images/CFD-BM-214-075-N.jpg,SIM_014
BM-215,24,9,-0.46278083197411907,0.44411880828700767,17,0.018170755377070504,data/raw/cfd/images/CFD-BM-215-155-N.jpg,SIM_014
BM-216,24,12,0.01297330934361701,0.4375539882207725,12,0.02924087606519896,data/raw/cfd/images/CFD-BM-216-088-N.jpg,SIM_014
BM-217,24,7,-0.7966270158578689,0.45593825429544016,22,0.013013239605717892,data/raw/cfd/images/CFD-BM-217-082-N.jpg,SIM_014
BM-218,24,20,1.3649064809716724,0.48477618429256647,1,0.11301276390567822,data/raw/cfd/images/CFD-BM-218-132-N.jpg,SIM_014
BM-219,24,17,0.8172786133700553,0.4534326961903854,6,0.06535754571909679,data/raw/cfd/images/CFD-BM-219-141-N.jpg,SIM_014
BM-221,24,12,0.012973309343617017,0.4375539882207727,11,0.02924087606519896,data/raw/cfd/images/CFD-BM-221-198-N.jpg,SIM_014
BM-222,24,19,1.1726629167941007,0.471750111573558,3,0.09324749576286015,data/raw/cfd/images/CFD-BM-222-173-N.jpg,SIM_014
BM-223,24,16,0.6498154315794142,0.44727800477549673,8,0.05527991920276947,data/raw/cfd/images/CFD-BM-223-171-N.jpg,SIM_014
BM-224,24,7,-0.7966270158578689,0.4559382542954402,22,0.013013239605717892,data/raw/cfd/images/CFD-BM-224-073-N.jpg,SIM_014
BM-225,24,12,0.01297330934361697,0.43755398822077246,13,0.02924087606519896,data/raw/cfd/images/CFD-BM-225-154-N.jpg,SIM_014
BM-226,24,4,-1.3545806680254522,0.48959622604708924,24,0.007448507064282049,data/raw/cfd/images/CFD-BM-226-276-N.jpg,SIM_014
BM-227,24,20,1.3649064809716724,0.48477618429256647,1,0.11301276390567822,data/raw/cfd/images/CFD-BM-227-191-N.jpg,SIM_014
BM-228,24,14,0.32730806535403584,0.4396915570040693,10,0.040040936834297616,data/raw/cfd/images/CFD-BM-228-145-N.jpg,SIM_014
BM-229,24,9,-0.4627808319741192,0.4441188082870075,18,0.018170755377070504,data/raw/cfd/images/CFD-BM-229-209-N.jpg,SIM_014
BM-231,24,10,-0.30213622239002536,0.44057112811660537,16,0.021337328783650807,data/raw/cfd/images/CFD-BM-231-155-N.jpg,SIM_014
BM-236,24,17,0.8172786133700554,0.4534326961903854,4,0.06535754571909679,data/raw/cfd/images/CFD-BM-236-248-N.jpg,SIM_014
BM-237,24,10,-0.3021362223900253,0.4405711281166054,15,0.021337328783650807,data/raw/cfd/images/CFD-BM-237-188-N.jpg,SIM_014
BM-239,24,9,-0.4627808319741192,0.44411880828700756,18,0.018170755377070504,data/raw/cfd/images/CFD-BM-239-136-N.jpg,SIM_014
BF-007,24,16,0.6177621629481514,0.4374508027096329,5,0.06272799351690145,data/raw/cfd/images/CFD-BF-007-001-N.jpg,SIM_015
BF-242,24,9,-0.4382908800473148,0.43525408965501305,21,0.021818424482156335,data/raw/cfd/images/CFD-BF-242-154-N.jpg,SIM_015
BF-255,24,16,0.6177621629481514,0.4374508027096333,5,0.06272799351690145,data/raw/cfd/images/CFD-BF-255-140-N.jpg,SIM_015
BM-211,24,13,0.1627077359492226,0.4282626733460452,10,0.03979548201266677,data/raw/cfd/images/CFD-BM-211-174-N.jpg,SIM_015
BM-212,24,2,-1.7238112529525014,0.5226043422243217,25,0.006032939671609537,data/raw/cfd/images/CFD-BM-212-117-N.jpg,SIM_015
BM-213,24,4,-1.295278442822227,0.4823038327338341,24,0.009260584890697789,data/raw/cfd/images/CFD-BM-213-134-N.jpg,SIM_015
BM-214,24,15,0.4633058946665749,0.4328907082216064,7,0.05375042356708012,data/raw/cfd/images/CFD-BM-214-075-N.jpg,SIM_015
BM-215,24,8,-0.5952762754855743,0.4405913143682811,22,0.01864856831408468,data/raw/cfd/images/CFD-BM-215-155-N.jpg,SIM_015
BM-216,24,13,0.1627077359492225,0.4282626733460451,12,0.039795482012666764,data/raw/cfd/images/CFD-BM-216-088-N.jpg,SIM_015
BM-217,24,9,-0.43829088004731465,0.4352540896550134,20,0.021818424482156335,data/raw/cfd/images/CFD-BM-217-082-N.jpg,SIM_015
BM-218,24,17,0.7768446527978236,0.44374199298848566,1,0.07354447354135969,data/raw/cfd/images/CFD-BM-218-132-N.jpg,SIM_015
BM-219,24,17,0.7768446527978234,0.4437419929884856,3,0.07354447354135968,data/raw/cfd/images/CFD-BM-219-141-N.jpg,SIM_015
BM-221,24,13,0.1627077359492225,0.4282626733460452,12,0.039795482012666764,data/raw/cfd/images/CFD-BM-221-198-N.jpg,SIM_015
BM-222,24,14,0.3120434323414816,0.42986984931274425,8,0.04620504932984253,data/raw/cfd/images/CFD-BM-222-173-N.jpg,SIM_015
BM-223,24,13,0.16270773594922255,0.4282626733460453,11,0.039795482012666764,data/raw/cfd/images/CFD-BM-223-171-N.jpg,SIM_015
BM-224,24,6,-0.9269621710629945,0.45667603287987724,23,0.013384314767012587,data/raw/cfd/images/CFD-BM-224-073-N.jpg,SIM_015
BM-225,24,14,0.3120434323414816,0.42986984931274425,8,0.04620504932984253,data/raw/cfd/images/CFD-BM-225-154-N.jpg,SIM_015
BM-226,24,11,-0.13480496390507796,0.4290525278106281,16,0.029554638084882432,data/raw/cfd/images/CFD-BM-226-276-N.jpg,SIM_015
BM-227,24,17,0.7768446527978236,0.44374199298848555,1,0.07354447354135969,data/raw/cfd/images/CFD-BM-227-191-N.jpg,SIM_015
BM-228,24,10,-0.2852231471591356,0.4314482501309467,18,0.02542727725483394,data/raw/cfd/images/CFD-BM-228-145-N.jpg,SIM_015
BM-229,24,11,-0.134804963905078,0.42905252781062814,17,0.029554638084882432,data/raw/cfd/images/CFD-BM-229-209-N.jpg,SIM_015
BM-231,24,13,0.16270773594922244,0.4282626733460451,14,0.039795482012666764,data/raw/cfd/images/CFD-BM-231-155-N.jpg,SIM_015
BM-236,24,17,0.7768446527978234,0.4437419929884856,3,0.07354447354135968,data/raw/cfd/images/CFD-BM-236-248-N.jpg,SIM_015
BM-237,24,12,0.0141317483631063,0.4279980202126395,15,0.03430109922350935,data/raw/cfd/images/CFD-BM-237-188-N.jpg,SIM_015
BM-239,24,10,-0.2852231471591356,0.4314482501309467,18,0.02542727725483394,data/raw/cfd/images/CFD-BM-239-136-N.jpg,SIM_015
BF-007,24,17,0.7615471131846813,0.4432505067220287,2,0.07348047515879795,data/raw/cfd/images/CFD-BF-007-001-N.jpg,SIM_016
BF-242,24,7,-0.757303209961032,0.44419817183645105,22,0.016089540519300595,data/raw/cfd/images/CFD-BF-242-154-N.jpg,SIM_016
BF-255,24,15,0.4490678504764014,0.4318968460927874,8,0.053760578885850056,data/raw/cfd/images/CFD-BF-255-140-N.jpg,SIM_016
BM-211,24,15,0.44906785047640146,0.4318968460927874,7,0.053760578885850056,data/raw/cfd/images/CFD-BM-211-174-N.jpg,SIM_016
BM-212,24,4,-1.2843549958770184,0.4779749142385231,25,0.009498345426149885,data/raw/cfd/images/CFD-BM-212-117-N.jpg,SIM_016
BM-213,24,6,-0.9234392526573169,0.4529010205078759,24,0.013626730763411858,data/raw/cfd/images/CFD-BM-213-134-N.jpg,SIM_016
BM-214,24,10,-0.2925729616816225,0.4290019543954795,18,0.025607868101144814,data/raw/cfd/images/CFD-BM-214-075-N.jpg,SIM_016
BM-215,24,8,-0.5978477340964137,0.4374828180456661,21,0.018870972210644498,data/raw/cfd/images/CFD-BM-215-155-N.jpg,SIM_016
BM-216,24,11,-0.14407634757072663,0.4269218013140129,17,0.02970740276435398,data/raw/cfd/images/CFD-BM-216-088-N.jpg,SIM_016
BM-217,24,12,0.003230827490951006,0.4261701991740024,13,0.034422259759362146,data/raw/cfd/images/CFD-BM-217-082-N.jpg,SIM_016
BM-218,24,12,0.0032308274909510293,0.4261701991740024,12,0.034422259759362146,data/raw/cfd/images/CFD-BM-218-132-N.jpg,SIM_016
BM-219,24,16,0.6028827426304308,0.436712628267473,3,0.06269961807276804,data/raw/cfd/images/CFD-BM-219-141-N.jpg,SIM_016
BM-221,24,11,-0.14407634757072657,0.42692180131401314,16,0.02970740276435398,data/raw/cfd/images/CFD-BM-221-198-N.jpg,SIM_016
BM-222,24,14,0.2986763689512449,0.42860986991455013,9,0.04625404791419855,data/raw/cfd/images/CFD-BM-222-173-N.jpg,SIM_016
BM-223,24,16,0.6028827426304308,0.43671262826747315,3,0.06269961807276804,data/raw/cfd/images/CFD-BM-223-171-N.jpg,SIM_016
BM-224,24,7,-0.7573032099610321,0.44419817183645083,23,0.016089540519300595,data/raw/cfd/images/CFD-BM-224-073-N.jpg,SIM_016
BM-225,24,16,0.6028827426304308,0.43671262826747304,3,0.06269961807276804,data/raw/cfd/images/CFD-BM-225-154-N.jpg,SIM_016
BM-226,24,12,0.0032308274909509543,0.4261701991740024,14,0.034422259759362146,data/raw/cfd/images/CFD-BM-226-276-N.jpg,SIM_016
BM-227,24,16,0.6028827426304307,0.43671262826747304,6,0.06269961807276804,data/raw/cfd/images/CFD-BM-227-191-N.jpg,SIM_016
BM-228,24,13,0.15044839796971646,0.42672496574359425,10,0.039881837175235434,data/raw/cfd/images/CFD-BM-228-145-N.jpg,SIM_016
BM-229,24,12,0.003230827490950844,0.4261701991740024,15,0.034422259759362146,data/raw/cfd/images/CFD-BM-229-209-N.jpg,SIM_016
BM-231,24,10,-0.2925729616816225,0.42900195439547945,18,0.025607868101144814,data/raw/cfd/images/CFD-BM-231-155-N.jpg,SIM_016
BM-236,24,19,1.100465441128394,0.46272140122341604,1,0.10312460916936854,data/raw/cfd/images/CFD-BM-236-248-N.jpg,SIM_016
BM-237,24,12,0.003230827490951049,0.4261701991740024,11,0.034422259759362146,data/raw/cfd/images/CFD-BM-237-188-N.jpg,SIM_016
BM-239,24,9,-0.44341110910580683,0.4324808042215547,20,0.02202243055301152,data/raw/cfd/images/CFD-BM-239-136-N.jpg,SIM_016
BF-007,24,9,-0.4550469254832972,0.4377177659437836,18,0.02021965010680292,data/raw/cfd/images/CFD-BF-007-001-N.jpg,SIM_017
BF-242,24,4,-1.3172189983173586,0.4822760895910892,24,0.008537624745732164,data/raw/cfd/images/CFD-BF-242-154-N.jpg,SIM_017
BF-255,24,16,0.6215226354238299,0.4414574477424116,6,0.0593364904498499,data/raw/cfd/images/CFD-BF-255-140-N.jpg,SIM_017
BM-211,24,16,0.6215226354238299,0.44145744774241147,6,0.0593364904498499,data/raw/cfd/images/CFD-BM-211-174-N.jpg,SIM_017
BM-212,24,5,-1.1272178323144382,0.4686293189368186,23,0.010324131326685472,data/raw/cfd/images/CFD-BM-212-117-N.jpg,SIM_017
BM-213,24,4,-1.3172189983173586,0.48227608959108875,24,0.008537624745732164,data/raw/cfd/images/CFD-BM-213-134-N.jpg,SIM_017
BM-214,24,12,0.0049268869596786995,0.4313732249659234,13,0.032028582958552265,data/raw/cfd/images/CFD-BM-214-075-N.jpg,SIM_017
BM-215,24,10,-0.2997417121740318,0.434259911611804,17,0.023616842492716606,data/raw/cfd/images/CFD-BM-215-155-N.jpg,SIM_017
BM-216,24,13,0.15650378663141204,0.43185741552441587,12,0.03727063015730873,data/raw/cfd/images/CFD-BM-216-088-N.jpg,SIM_017
BM-217,24,8,-0.6139346300919857,0.4426593124922198,21,0.01724922482042924,data/raw/cfd/images/CFD-BM-217-082-N.jpg,SIM_017
BM-218,24,17,0.7841320743302291,0.44779503341006505,3,0.06981395435712773,data/raw/cfd/images/CFD-BM-218-132-N.jpg,SIM_017
BM-219,24,17,0.7841320743302291,0.44779503341006494,3,0.06981395435712773,data/raw/cfd/images/CFD-BM-219-141-N.jpg,SIM_017
BM-221,24,11,-0.14679349991823354,0.4321672473005634,16,0.02751987125156172,data/raw/cfd/images/CFD-BM-221-198-N.jpg,SIM_017
BM-222,24,18,0.9530845603610428,0.4560849686608732,2,0.08266418153550757,data/raw/cfd/images/CFD-BM-222-173-N.jpg,SIM_017
BM-223,24,15,0.46361817494830054,0.436802749480577,8,0.05066929012202054,data/raw/cfd/images/CFD-BM-223-171-N.jpg,SIM_017
BM-224,24,12,0.0049268869596786865,0.43137322496592345,14,0.03202858295855226,data/raw/cfd/images/CFD-BM-224-073-N.jpg,SIM_017
BM-225,24,14,0.30902300230488083,0.4336437797101894,9,0.04341151970681439,data/raw/cfd/images/CFD-BM-225-154-N.jpg,SIM_017
BM-226,24,9,-0.4550469254832973,0.437717765943784,19,0.02021965010680292,data/raw/cfd/images/CFD-BM-226-276-N.jpg,SIM_017
BM-227,24,17,0.784132074330229,0.44779503341006494,5,0.06981395435712771,data/raw/cfd/images/CFD-BM-227-191-N.jpg,SIM_017
BM-228,24,13,0.1565037866314121,0.4318574155244158,10,0.03727063015730873,data/raw/cfd/images/CFD-BM-228-145-N.jpg,SIM_017
BM-229,24,12,0.0049268869596786865,0.4313732249659234,14,0.03202858295855226,data/raw/cfd/images/CFD-BM-229-209-N.jpg,SIM_017
BM-231,24,7,-0.7777883573566433,0.4492658838385455,22,0.014642283560191956,data/raw/cfd/images/CFD-BM-231-155-N.jpg,SIM_017
BM-236,24,20,1.318483257322786,0.48019602980281184,1,0.11912639733990713,data/raw/cfd/images/CFD-BM-236-248-N.jpg,SIM_017
BM-237,24,13,0.15650378663141207,0.4318574155244159,11,0.03727063015730873,data/raw/cfd/images/CFD-BM-237-188-N.jpg,SIM_017
BM-239,24,8,-0.6139346300919856,0.44265931249221974,20,0.017249224820429242,data/raw/cfd/images/CFD-BM-239-136-N.jpg,SIM_017
BF-007,24,14,0.31946872611766625,0.4367449470276461,10,0.042095101898800606,data/raw/cfd/images/CFD-BF-007-001-N.jpg,SIM_018
BF-242,24,7,-0.7883297974595477,0.4530511797024196,21,0.013903392371951814,data/raw/cfd/images/CFD-BF-242-154-N.jpg,SIM_018
BF-255,24,18,0.9726886836958312,0.45838172003995464,2,0.08089494576753445,data/raw/cfd/images/CFD-BF-255-140-N.jpg,SIM_018
BM-211,24,17,0.8017144920179404,0.4503313376106332,5,0.06818176511194403,data/raw/cfd/images/CFD-BM-211-174-N.jpg,SIM_018
BM-212,24,2,-1.771029967740724,0.5245142153734734,25,0.005204026722424414,data/raw/cfd/images/CFD-BM-212-117-N.jpg,SIM_018
BM-213,24,4,-1.3377827230483894,0.4859721631021643,24,0.008025949183240687,data/raw/cfd/images/CFD-BM-213-134-N.jpg,SIM_018
BM-214,24,14,0.31946872611766625,0.43674494702764594,10,0.042095101898800606,data/raw/cfd/images/CFD-BM-214-075-N.jpg,SIM_018
BM-215,24,9,-0.45912642370660955,0.4413950415233694,18,0.01932377570679925,data/raw/cfd/images/CFD-BM-215-155-N.jpg,SIM_018
BM-216,24,11,-0.14474136783742914,0.43566219332813927,16,0.02646230574101352,data/raw/cfd/images/CFD-BM-216-088-N.jpg,SIM_018
BM-217,24,6,-0.9620918381514352,0.4615996080642816,22,0.011685757881114539,data/raw/cfd/images/CFD-BM-217-082-N.jpg,SIM_018
BM-218,24,17,0.8017144920179405,0.4503313376106332,4,0.06818176511194404,data/raw/cfd/images/CFD-BM-218-132-N.jpg,SIM_018
BM-219,24,15,0.47660226842986836,0.43973753904725554,8,0.04925766213120348,data/raw/cfd/images/CFD-BM-219-141-N.jpg,SIM_018
BM-221,24,14,0.31946872611766625,0.4367449470276459,10,0.042095101898800606,data/raw/cfd/images/CFD-BM-221-198-N.jpg,SIM_018
BM-222,24,20,1.34143962695296,0.48190279355476734,1,0.11696822191112942,data/raw/cfd/images/CFD-BM-222-173-N.jpg,SIM_018
BM-223,24,18,0.9726886836958312,0.4583817200399547,2,0.08089494576753445,data/raw/cfd/images/CFD-BM-223-171-N.jpg,SIM_018
BM-224,24,11,-0.14474136783742908,0.4356621933281391,13,0.02646230574101352,data/raw/cfd/images/CFD-BM-224-073-N.jpg,SIM_018
BM-225,24,16,0.6368915235904407,0.4442050080201736,7,0.05782112463062685,data/raw/cfd/images/CFD-BM-225-154-N.jpg,SIM_018
BM-226,24,8,-0.6212095670978842,0.4464014764184567,20,0.01643236878868927,data/raw/cfd/images/CFD-BM-226-276-N.jpg,SIM_018
BM-227,24,17,0.8017144920179404,0.4503313376106332,5,0.06818176511194403,data/raw/cfd/images/CFD-BM-227-191-N.jpg,SIM_018
BM-228,24,9,-0.45912642370660955,0.4413950415233695,18,0.01932377570679925,data/raw/cfd/images/CFD-BM-228-145-N.jpg,SIM_018
BM-229,24,11,-0.1447413678374291,0.4356621933281391,15,0.02646230574101352,data/raw/cfd/images/CFD-BM-229-209-N.jpg,SIM_018
BM-231,24,6,-0.9620918381514352,0.4615996080642815,22,0.011685757881114539,data/raw/cfd/images/CFD-BM-231-155-N.jpg,SIM_018
BM-236,24,15,0.4766022684298683,0.4397375390472556,9,0.04925766213120348,data/raw/cfd/images/CFD-BM-236-248-N.jpg,SIM_018
BM-237,24,10,-0.30070865878926817,0.43785416847198383,17,0.02264080942234632,data/raw/cfd/images/CFD-BM-237-188-N.jpg,SIM_018
BM-239,24,11,-0.14474136783742908,0.43566219332813905,13,0.02646230574101352,data/raw/cfd/images/CFD-BM-239-136-N.jpg,SIM_018
BF-007,24,12,-0.0011550174193446366,0.427624997177637,14,0.03327123529922652,data/raw/cfd/images/CFD-BF-007-001-N.jpg,SIM_019
BF-242,24,9,-0.4509413982145572,0.433500277780602,20,0.021219208612373548,data/raw/cfd/images/CFD-BF-242-154-N.jpg,SIM_019
BF-255,24,15,0.44884438637363966,0.43365943771338167,6,0.05217965263620334,data/raw/cfd/images/CFD-BF-255-140-N.jpg,SIM_019
BM-211,24,15,0.44884438637363966,0.4336594377133816,6,0.05217965263620334,data/raw/cfd/images/CFD-BM-211-174-N.jpg,SIM_019
BM-212,24,6,-0.9327688726905851,0.4533573406450057,23,0.013106120876873607,data/raw/cfd/images/CFD-BM-212-117-N.jpg,SIM_019
BM-213,24,9,-0.4509413982145571,0.433500277780602,18,0.021219208612373548,data/raw/cfd/images/CFD-BM-213-134-N.jpg,SIM_019
BM-214,24,12,-0.0011550174193445397,0.42762499717763697,12,0.03327123529922652,data/raw/cfd/images/CFD-BM-214-075-N.jpg,SIM_019
BM-215,24,14,0.2969716793496379,0.4302847735431495,9,0.044827415959660014,data/raw/cfd/images/CFD-BM-215-155-N.jpg,SIM_019
BM-216,24,10,-0.2991881931307807,0.43018055486009027,17,0.02469646320135167,data/raw/cfd/images/CFD-BM-216-088-N.jpg,SIM_019
BM-217,24,6,-0.9327688726905851,0.4533573406450059,23,0.013106120876873607,data/raw/cfd/images/CFD-BM-217-082-N.jpg,SIM_019
BM-218,24,16,0.6042183261844419,0.4385460789252187,4,0.06095077446856367,data/raw/cfd/images/CFD-BM-218-132-N.jpg,SIM_019
BM-219,24,16,0.6042183261844419,0.4385460789252187,4,0.06095077446856367,data/raw/cfd/images/CFD-BM-219-141-N.jpg,SIM_019
BM-221,24,15,0.44884438637363966,0.43365943771338167,6,0.05217965263620334,data/raw/cfd/images/CFD-BM-221-198-N.jpg,SIM_019
BM-222,24,20,1.2933363811255147,0.47846868860779707,1,0.1214113804216962,data/raw/cfd/images/CFD-BM-222-173-N.jpg,SIM_019
BM-223,24,14,0.2969716793496379,0.4302847735431494,9,0.044827415959660014,data/raw/cfd/images/CFD-BM-223-171-N.jpg,SIM_019
BM-224,24,11,-0.14963929023224692,0.4282454507137473,16,0.028680256122711727,data/raw/cfd/images/CFD-BM-224-073-N.jpg,SIM_019
BM-225,24,11,-0.1496392902322469,0.4282454507137475,15,0.028680256122711727,data/raw/cfd/images/CFD-BM-225-154-N.jpg,SIM_019
BM-226,24,7,-0.7662029018635975,0.44485639258036974,21,0.015481493369705005,data/raw/cfd/images/CFD-BM-226-276-N.jpg,SIM_019
BM-227,24,17,0.7645057881584302,0.44513529569738136,3,0.07154696050889393,data/raw/cfd/images/CFD-BM-227-191-N.jpg,SIM_019
BM-228,24,13,0.14735245505217845,0.4282969759433788,11,0.03859800886513545,data/raw/cfd/images/CFD-BM-228-145-N.jpg,SIM_019
BM-229,24,6,-0.9327688726905851,0.4533573406450059,23,0.013106120876873607,data/raw/cfd/images/CFD-BM-229-209-N.jpg,SIM_019
BM-231,24,7,-0.7662029018635975,0.4448563925803698,21,0.015481493369705005,data/raw/cfd/images/CFD-BM-231-155-N.jpg,SIM_019
BM-236,24,18,0.9313606477707279,0.45370142289288606,2,0.08453865488761068,data/raw/cfd/images/CFD-BM-236-248-N.jpg,SIM_019
BM-237,24,9,-0.45094139821455714,0.433500277780602,19,0.021219208612373548,data/raw/cfd/images/CFD-BM-237-188-N.jpg,SIM_019
BM-239,24,12,-0.0011550174193445892,0.42762499717763713,13,0.03327123529922652,data/raw/cfd/images/CFD-BM-239-136-N.jpg,SIM_019
BF-007,24,13,0.17373297921935904,0.4306700443058497,13,0.039148101418214454,data/raw/cfd/images/CFD-BF-007-001-N.jpg,SIM_020
BF-242,24,7,-0.7626592508411378,0.45146605783886623,22,0.015347608995509814,data/raw/cfd/images/CFD-BF-242-154-N.jpg,SIM_020
BF-255,24,15,0.47784661866154315,0.4347955270425064,6,0.053062240077521826,data/raw/cfd/images/CFD-BF-255-140-N.jpg,SIM_020
BM-211,24,13,0.17373297921935907,0.4306700443058496,12,0.039148101418214454,data/raw/cfd/images/CFD-BM-211-174-N.jpg,SIM_020
BM-212,24,1,-1.9998681493399455,0.5547540029570068,25,0.004453769417051347,data/raw/cfd/images/CFD-BM-212-117-N.jpg,SIM_020
BM-213,24,5,-1.1175132842899065,0.47219362816218974,23,0.010762906754127673,data/raw/cfd/images/CFD-BM-213-134-N.jpg,SIM_020
BM-214,24,11,-0.1282091330510504,0.43195867928312714,18,0.028945357079148457,data/raw/cfd/images/CFD-BM-214-075-N.jpg,SIM_020
BM-215,24,12,0.023057933709252347,0.4306557032381517,16,0.03367234511342856,data/raw/cfd/images/CFD-BM-215-155-N.jpg,SIM_020
BM-216,24,9,-0.4370565485232529,0.43864256928554896,19,0.02125436738925618,data/raw/cfd/images/CFD-BM-216-088-N.jpg,SIM_020
BM-217,24,7,-0.7626592508411377,0.45146605783886623,21,0.015347608995509814,data/raw/cfd/images/CFD-BM-217-082-N.jpg,SIM_020
BM-218,24,17,0.7940122385765402,0.4451407678798835,1,0.0727938290310875,data/raw/cfd/images/CFD-BM-218-132-N.jpg,SIM_020
BM-219,24,17,0.7940122385765402,0.4451407678798836,1,0.0727938290310875,data/raw/cfd/images/CFD-BM-219-141-N.jpg,SIM_020
BM-221,24,15,0.4778466186615431,0.43479552704250635,9,0.053062240077521826,data/raw/cfd/images/CFD-BM-221-198-N.jpg,SIM_020
BM-222,24,17,0.7940122385765402,0.44514076787988344,1,0.0727938290310875,data/raw/cfd/images/CFD-BM-222-173-N.jpg,SIM_020
BM-223,24,12,0.02305793370925233,0.43065570323815167,17,0.03367234511342856,data/raw/cfd/images/CFD-BM-223-171-N.jpg,SIM_020
BM-224,24,4,-1.311244888358303,0.48651055243647373,24,0.00886733285764939,data/raw/cfd/images/CFD-BM-224-073-N.jpg,SIM_020
BM-225,24,16,0.63372646639669,0.43910344326390793,4,0.06201308513697723,data/raw/cfd/images/CFD-BM-225-154-N.jpg,SIM_020
BM-226,24,12,0.02305793370925244,0.43065570323815167,14,0.03367234511342856,data/raw/cfd/images/CFD-BM-226-276-N.jpg,SIM_020
BM-227,24,15,0.4778466186615431,0.4347955270425062,9,0.053062240077521826,data/raw/cfd/images/CFD-BM-227-191-N.jpg,SIM_020
BM-228,24,15,0.4778466186615431,0.4347955270425063,9,0.053062240077521826,data/raw/cfd/images/CFD-BM-228-145-N.jpg,SIM_020
BM-229,24,15,0.47784661866154315,0.4347955270425064,6,0.053062240077521826,data/raw/cfd/images/CFD-BM-229-209-N.jpg,SIM_020
BM-231,24,12,0.02305793370925236,0.43065570323815167,15,0.03367234511342856,data/raw/cfd/images/CFD-BM-231-155-N.jpg,SIM_020
BM-236,24,16,0.63372646639669,0.43910344326390793,4,0.06201308513697723,data/raw/cfd/images/CFD-BM-236-248-N.jpg,SIM_020
BM-237,24,15,0.47784661866154315,0.43479552704250635,6,0.053062240077521826,data/raw/cfd/images/CFD-BM-237-188-N.jpg,SIM_020
BM-239,24,9,-0.43705654852325293,0.438642569285549,20,0.02125436738925618,data/raw/cfd/images/CFD-BM-239-136-N.jpg,SIM_020
