cell_idx,source_filename,source_path,category,group,face_luminance
0,CFD-BM-247-240-N.jpg,data/matrix/categories/M_B/CFD-BM-247-240-N.jpg,M_B,black,204.68058514615632
1,CFD-BM-250-170-N.jpg,data/matrix/categories/M_B/CFD-BM-250-170-N.jpg,M_B,black,216.01218819770068
2,CFD-WM-017-002-N.jpg,data/matrix/categories/M_W/CFD-WM-017-002-N.jpg,M_W,white,214.66819560411662
3,CFD-BM-011-016-N.jpg,data/matrix/categories/M_B/CFD-BM-011-016-N.jpg,M_B,black,209.2865460427666
4,CFD-WM-202-107-N.jpg,data/matrix/categories/M_W/CFD-WM-202-107-N.jpg,M_W,white,208.48538179933655
5,CFD-WM-216-061-N.jpg,data/matrix/categories/M_W/CFD-WM-216-061-N.jpg,M_W,white,211.50459667256678
6,CFD-BM-032-024-N.jpg,data/matrix/categories/M_B/CFD-BM-032-024-N.jpg,M_B,black,211.13784191000647
7,CFD-WM-245-123-N.jpg,data/matrix/categories/M_W/CFD-WM-245-123-N.jpg,M_W,white,215.36152958350877
8,CFD-BM-217-082-N.jpg,data/matrix/categories/M_B/CFD-BM-217-082-N.jpg,M_B,black,201.60161516336126
9,CFD-WM-235-147-N.jpg,data/matrix/categories/M_W/CFD-WM-235-147-N.jpg,M_W,white,214.94001319879624
10,CFD-WM-203-023-N.jpg,data/matrix/categories/M_W/CFD-WM-203-023-N.jpg,M_W,white,206.77276690057522
11,CFD-BM-216-088-N.jpg,data/matrix/categories/M_B/CFD-BM-216-088-N.jpg,M_B,black,191.04049603695537
12,CFD-BM-037-033-N.jpg,data/matrix/categories/M_B/CFD-BM-037-033-N.jpg,M_B,black,206.24125320758924
13,CFD-WM-206-045-N.jpg,data/matrix/categories/M_W/CFD-WM-206-045-N.jpg,M_W,white,204.30829933800004
14,CFD-WM-204-031-N.jpg,data/matrix/categories/M_W/CFD-WM-204-031-N.jpg,M_W,white,212.0270175888684
15,CFD-BM-025-035-N.jpg,data/matrix/categories/M_B/CFD-BM-025-035-N.jpg,M_B,black,205.87763119725864
16,CFD-WM-244-003-N.jpg,data/matrix/categories/M_W/CFD-WM-244-003-N.jpg,M_W,white,212.72494502371157
17,CFD-BM-026-002-N.jpg,data/matrix/categories/M_B/CFD-BM-026-002-N.jpg,M_B,black,204.44176048849286
18,CFD-BM-033-003-N.jpg,data/matrix/categories/M_B/CFD-BM-033-003-N.jpg,M_B,black,207.8104240152882
19,CFD-WM-221-091-N.jpg,data/matrix/categories/M_W/CFD-WM-221-091-N.jpg,M_W,white,216.73582530213451
20,CFD-BM-010-003-N.jpg,data/matrix/categories/M_B/CFD-BM-010-003-N.jpg,M_B,black,205.2909285353978
21,CFD-BM-205-001-N.jpg,data/matrix/categories/M_B/CFD-BM-205-001-N.jpg,M_B,black,198.25247367790544
22,CFD-WM-220-068-N.jpg,data/matrix/categories/M_W/CFD-WM-220-068-N.jpg,M_W,white,204.93479233455716
23,CFD-BM-043-071-N.jpg,data/matrix/categories/M_B/CFD-BM-043-071-N.jpg,M_B,black,202.72408013757288
24,CFD-BM-251-013-N.jpg,data/matrix/categories/M_B/CFD-BM-251-013-N.jpg,M_B,black,206.55323170664323
25,CFD-BM-253-004-N.jpg,data/matrix/categories/M_B/CFD-BM-253-004-N.jpg,M_B,black,167.4233364967829
26,CFD-WM-035-032-N.jpg,data/matrix/categories/M_W/CFD-WM-035-032-N.jpg,M_W,white,214.27179628188298
27,CFD-BM-029-024-N.jpg,data/matrix/categories/M_B/CFD-BM-029-024-N.jpg,M_B,black,203.38791150502334
28,CFD-WM-209-038-N.jpg,data/matrix/categories/M_W/CFD-WM-209-038-N.jpg,M_W,white,208.71364604581507
29,CFD-WM-201-063-N.jpg,data/matrix/categories/M_W/CFD-WM-201-063-N.jpg,M_W,white,223.32282456096894
30,CFD-WM-224-197-N.jpg,data/matrix/categories/M_W/CFD-WM-224-197-N.jpg,M_W,white,200.40589595078774
31,CFD-WM-240-125-N.jpg,data/matrix/categories/M_W/CFD-WM-240-125-N.jpg,M_W,white,211.82291273013763
32,CFD-BM-022-022-N.jpg,data/matrix/categories/M_B/CFD-BM-022-022-N.jpg,M_B,black,204.36833773642513
33,CFD-BM-019-002-N.jpg,data/matrix/categories/M_B/CFD-BM-019-002-N.jpg,M_B,black,211.41468387098004
34,CFD-BM-223-171-N.jpg,data/matrix/categories/M_B/CFD-BM-223-171-N.jpg,M_B,black,198.5391108106808
35,CFD-WM-024-015-N.jpg,data/matrix/categories/M_W/CFD-WM-024-015-N.jpg,M_W,white,211.69621865693753
36,CFD-BM-005-003-N.jpg,data/matrix/categories/M_B/CFD-BM-005-003-N.jpg,M_B,black,207.41400821355285
37,CFD-BM-038-001-N.jpg,data/matrix/categories/M_B/CFD-BM-038-001-N.jpg,M_B,black,204.36838359104237
38,CFD-BM-203-001-N.jpg,data/matrix/categories/M_B/CFD-BM-203-001-N.jpg,M_B,black,201.3371917994509
39,CFD-BM-240-207-N.jpg,data/matrix/categories/M_B/CFD-BM-240-207-N.jpg,M_B,black,212.76603680082272
40,CFD-WM-241-072-N.jpg,data/matrix/categories/M_W/CFD-WM-241-072-N.jpg,M_W,white,218.3600645559485
41,CFD-WM-040-022-N.jpg,data/matrix/categories/M_W/CFD-WM-040-022-N.jpg,M_W,white,213.54049020432544
42,CFD-BM-040-002-N.jpg,data/matrix/categories/M_B/CFD-BM-040-002-N.jpg,M_B,black,213.57919599375248
43,CFD-BM-249-235-N.jpg,data/matrix/categories/M_B/CFD-BM-249-235-N.jpg,M_B,black,208.14043253702494
44,CFD-WM-033-025-N.jpg,data/matrix/categories/M_W/CFD-WM-033-025-N.jpg,M_W,white,204.78239009958102
45,CFD-WM-011-002-N.jpg,data/matrix/categories/M_W/CFD-WM-011-002-N.jpg,M_W,white,215.05333547386962
46,CFD-BM-034-031-N.jpg,data/matrix/categories/M_B/CFD-BM-034-031-N.jpg,M_B,black,206.88784917733483
47,CFD-WM-015-002-N.jpg,data/matrix/categories/M_W/CFD-WM-015-002-N.jpg,M_W,white,209.42903184153917
48,CFD-BM-036-003-N.jpg,data/matrix/categories/M_B/CFD-BM-036-003-N.jpg,M_B,black,206.04955048856908
49,CFD-BM-210-148-N.jpg,data/matrix/categories/M_B/CFD-BM-210-148-N.jpg,M_B,black,198.4156565898001
50,CFD-WM-254-152-N.jpg,data/matrix/categories/M_W/CFD-WM-254-152-N.jpg,M_W,white,217.38027912647257
51,CFD-BM-252-161-N.jpg,data/matrix/categories/M_B/CFD-BM-252-161-N.jpg,M_B,black,216.27812512789393
52,CFD-WM-014-002-N.jpg,data/matrix/categories/M_W/CFD-WM-014-002-N.jpg,M_W,white,214.76495541027037
53,CFD-BM-227-191-N.jpg,data/matrix/categories/M_B/CFD-BM-227-191-N.jpg,M_B,black,205.213373538151
54,CFD-WM-003-002-N.jpg,data/matrix/categories/M_W/CFD-WM-003-002-N.jpg,M_W,white,212.20877426626515
55,CFD-WM-025-002-N.jpg,data/matrix/categories/M_W/CFD-WM-025-002-N.jpg,M_W,white,200.6695965494361
56,CFD-WM-004-010-N.jpg,data/matrix/categories/M_W/CFD-WM-004-010-N.jpg,M_W,white,207.2484306622
57,CFD-BM-229-209-N.jpg,data/matrix/categories/M_B/CFD-BM-229-209-N.jpg,M_B,black,198.8537488544324
58,CFD-BM-202-063-N.jpg,data/matrix/categories/M_B/CFD-BM-202-063-N.jpg,M_B,black,199.93369497798412
59,CFD-WM-238-020-N.jpg,data/matrix/categories/M_W/CFD-WM-238-020-N.jpg,M_W,white,211.53138715468637
60,CFD-BM-039-029-N.jpg,data/matrix/categories/M_B/CFD-BM-039-029-N.jpg,M_B,black,210.1169977603082
61,CFD-BM-045-004-N.jpg,data/matrix/categories/M_B/CFD-BM-045-004-N.jpg,M_B,black,200.19264958826253
62,CFD-BM-214-075-N.jpg,data/matrix/categories/M_B/CFD-BM-214-075-N.jpg,M_B,black,206.55961048106218
63,CFD-WM-200-034-N.jpg,data/matrix/categories/M_W/CFD-WM-200-034-N.jpg,M_W,white,217.0856166718904
