pair_id,black_face_id,white_face_id,black_age,white_age,absolute_age_difference
1,BM-001,WM-208,26.0851063829787,26.1379310344828,0.05282465150409976
2,BM-002,WM-040,25.1063829787234,25.1170212765957,0.010638297872301195
3,BM-003,WM-017,23.8131868131868,23.5851063829787,0.22808043020809876
4,BM-005,WM-032,25.2065217391304,25.4942528735632,0.28773113443279996
5,BM-009,WM-037,18.4795918367347,17.551724137931,0.9278676988036985
6,BM-010,WM-219,22.2659574468085,22.1666666666667,0.09929078014179993
7,BM-011,WM-215,29.0217391304348,29.0,0.021739130434799137
8,BM-015,WM-029,27.8602150537634,28.5862068965517,0.7259918427883001
9,BM-019,WM-230,21.6136363636364,21.6071428571429,0.006493506493498558
10,BM-020,WM-204,35.2906976744186,35.1333333333333,0.15736434108530517
11,BM-021,WM-225,36.8894736842105,36.8214285714286,0.06804511278190262
12,BM-022,WM-222,33.1098901098901,33.0344827586207,0.0754073512694049
13,BM-023,WM-034,23.1702127659574,23.2209302325581,0.0507174666006982
14,BM-025,WM-023,37.6197916666667,37.5934065934066,0.02638507326010142
15,BM-026,WM-213,26.989247311828,26.36,0.6292473118279993
16,BM-029,WM-212,29.8461538461538,30.1111111111111,0.26495726495729954
17,BM-032,WM-240,34.5449438202247,34.3846153846154,0.16032843560930132
18,BM-033,WM-201,39.0515463917526,38.9130434782609,0.13850291349169908
19,BM-034,WM-018,40.6098901098901,36.1630434782609,4.4468466316291995
20,BM-036,WM-024,20.8620689655172,20.8170731707317,0.044995794785499754
21,BM-037,WM-235,20.8888888888889,20.75,0.13888888888889994
22,BM-038,WM-020,35.3707865168539,34.9659090909091,0.4048774259447967
23,BM-039,WM-214,24.8311827956989,25.12,0.28881720430110036
24,BM-040,WM-033,26.952380952381,26.5934065934066,0.35897435897440033
25,BM-041,WM-016,30.4235294117647,30.3953488372093,0.028180574555399573
26,BM-043,WM-238,24.7191011235955,24.8181818181818,0.09908069458629853
27,BM-045,WM-210,21.5777777777778,21.5,0.0777777777778006
28,BM-046,WM-031,22.0561797752809,21.735632183908,0.32054759137290034
29,BM-200,LM-251,26.4814814814815,26.44,0.04148148148149744
30,BM-201,WM-239,18.2692307692308,18.0357142857143,0.23351648351649956
31,BM-202,WM-205,29.6666666666667,29.36,0.3066666666667004
32,BM-203,WM-224,27.3461538461538,26.2857142857143,1.0604395604395016
33,BM-205,WM-251,27.56,27.72,0.16000000000000014
34,BM-207,WM-015,23.9285714285714,23.3720930232558,0.5564784053155982
35,BM-210,WM-237,29.2258064516129,29.0,0.22580645161290036
36,BM-213,LM-204,40.36,40.0689655172414,0.29103448275859733
37,BM-214,WM-010,27.3703703703704,27.3978494623656,0.027479091995200378
38,BM-215,WM-036,22.4230769230769,22.6627906976744,0.23971377459750087
39,BM-216,WM-203,29.5384615384615,29.25,0.288461538461501
40,BM-217,WM-229,24.6551724137931,24.695652173913,0.04047976011990073
41,BM-223,WM-013,33.5714285714286,32.3793103448276,1.1921182266009964
42,BM-225,WM-249,47.3214285714286,43.1851851851852,4.1362433862434
43,BM-226,WM-202,21.7777777777778,21.6923076923077,0.08547008547009938
44,BM-227,LM-208,24.5185185185185,25.1428571428571,0.6243386243385984
45,BM-229,WM-211,27.6896551724138,27.7931034482759,0.10344827586209959
46,BM-232,WM-011,31.32,30.9886363636364,0.33136363636360144
47,BM-233,WM-220,37.36,37.2222222222222,0.13777777777779932
48,BM-236,WM-258,38.3571428571429,37.8518518518519,0.5052910052909994
49,BM-237,WM-004,25.9615384615385,25.8172043010753,0.1443341604631989
50,BM-238,LM-244,24.4814814814815,24.1785714285714,0.3029100529101001
51,BM-240,WM-247,24.6666666666667,25.5,0.8333333333333002
52,BM-241,WM-244,33.6153846153846,30.5185185185185,3.0968660968660977
53,BM-242,WM-216,31.52,30.8846153846154,0.6353846153845986
54,BM-244,WM-248,46.5833333333333,41.6923076923077,4.8910256410256
55,BM-245,WM-221,43.7391304347826,41.0740740740741,2.6650563607085047
56,BM-246,WM-245,27.2083333333333,26.2758620689655,0.9324712643678019
57,BM-247,WM-025,21.64,21.123595505618,0.5164044943820016
58,BM-249,WM-039,19.0740740740741,19.2386363636364,0.1645622895622978
59,BM-250,WM-241,34.9310344827586,34.2592592592593,0.6717752234992957
60,BM-251,WM-012,32.9655172413793,32.1444444444444,0.8210727969348994
61,BM-252,WM-014,37.1153846153846,33.7142857142857,3.401098901098898
