face_id,source_image_path,source_landmark_path,aligned_image_path,aligned_landmark_path,alignment_method,output_width,output_height,source_interocular_distance,target_interocular_distance,scale,rotation_degrees,matrix_00,matrix_01,matrix_02,matrix_10,matrix_11,matrix_12,left_eye_error_px,right_eye_error_px,max_eye_error_px,landmarks_in_bounds_fraction,alignment_qc_pass,alignment_qc_reason,outputs_available,reused_existing_files,error_type,error_message
BF-007,/Users/fantine/Documents/Face_Reconstruction/data/raw/cfd/images/CFD-BF-007-001-N.jpg,/Users/fantine/Documents/Face_Reconstruction/data/interim/landmarks_mediapipe/arrays/BF-007.npy,data/interim/aligned_faces/images/BF-007.png,data/interim/aligned_faces/landmarks/BF-007.npy,eye_centres_similarity,512,512,327.3734436035156,153.30000000000004,0.468272540326068,-2.209779483183296,0.46792430929369466,0.018055824418945893,-331.7590277840933,-0.018055824418945893,0.46792430929369466,-169.88462875685036,2.5489029559285347e-05,3.734633436285364e-05,3.734633436285364e-05,1.0,True,ok,True,True,,
BF-242,/Users/fantine/Documents/Face_Reconstruction/data/raw/cfd/images/CFD-BF-242-154-N.jpg,/Users/fantine/Documents/Face_Reconstruction/data/interim/landmarks_mediapipe/arrays/BF-242.npy,data/interim/aligned_faces/images/BF-242.png,data/interim/aligned_faces/landmarks/BF-242.npy,eye_centres_similarity,512,512,385.9303283691406,153.30000000000004,0.3972219492550167,-0.6779330166827837,0.39719414402565606,0.004699885283858552,-235.36739871630263,-0.004699885283858552,0.39719414402565606,-115.89569732460473,2.3393271366389332e-05,2.3983011115838638e-05,2.3983011115838638e-05,1.0,True,ok,True,True,,
BF-255,/Users/fantine/Documents/Face_Reconstruction/data/raw/cfd/images/CFD-BF-255-140-N.jpg,/Users/fantine/Documents/Face_Reconstruction/data/interim/landmarks_mediapipe/arrays/BF-255.npy,data/interim/aligned_faces/images/BF-255.png,data/interim/aligned_faces/landmarks/BF-255.npy,eye_centres_similarity,512,512,364.2003173828125,153.30000000000004,0.420922197987968,1.4444304392329927,0.4207884470514412,-0.01061035282441541,-250.21783307123079,0.01061035282441541,0.4207884470514412,-154.60589054975816,9.533996195288716e-06,2.3983011115838638e-05,2.3983011115838638e-05,1.0,True,ok,True,True,,
BM-211,/Users/fantine/Documents/Face_Reconstruction/data/raw/cfd/images/CFD-BM-211-174-N.jpg,/Users/fantine/Documents/Face_Reconstruction/data/interim/landmarks_mediapipe/arrays/BM-211.npy,data/interim/aligned_faces/images/BM-211.png,data/interim/aligned_faces/landmarks/BM-211.npy,eye_centres_similarity,512,512,364.4839782714844,153.30000000000004,0.4205946224424311,-0.4213193307126419,0.42058325116463124,0.003092776629484985,-260.7906024876821,-0.003092776629484985,0.42058325116463124,-136.9175574262806,3.7346334334983856e-05,3.833085564719324e-05,3.833085564719324e-05,1.0,True,ok,True,True,,
BM-212,/Users/fantine/Documents/Face_Reconstruction/data/raw/cfd/images/CFD-BM-212-117-N.jpg,/Users/fantine/Documents/Face_Reconstruction/data/interim/landmarks_mediapipe/arrays/BM-212.npy,data/interim/aligned_faces/images/BM-212.png,data/interim/aligned_faces/landmarks/BM-212.npy,eye_centres_similarity,512,512,347.617919921875,153.30000000000004,0.44100142721927676,-1.8510710732845874,0.4407712972669511,0.014245080380542651,-295.52991888918257,-0.014245080380542651,0.4407712972669511,-118.47169693309633,3.7346334334983856e-05,2.5489029532062288e-05,3.7346334334983856e-05,1.0,True,ok,True,True,,
BM-213,/Users/fantine/Documents/Face_Reconstruction/data/raw/cfd/images/CFD-BM-213-134-N.jpg,/Users/fantine/Documents/Face_Reconstruction/data/interim/landmarks_mediapipe/arrays/BM-213.npy,data/interim/aligned_faces/images/BM-213.png,data/interim/aligned_faces/landmarks/BM-213.npy,eye_centres_similarity,512,512,341.98931884765625,153.30000000000004,0.44825958619959666,-0.6925784138664228,0.4482268380368358,0.00541832846308145,-299.1804659556285,-0.00541832846308145,0.4482268380368358,-161.6292214460911,9.533996195288716e-06,5.550173460300955e-05,5.550173460300955e-05,1.0,True,ok,True,True,,
BM-214,/Users/fantine/Documents/Face_Reconstruction/data/raw/cfd/images/CFD-BM-214-075-N.jpg,/Users/fantine/Documents/Face_Reconstruction/data/interim/landmarks_mediapipe/arrays/BM-214.npy,data/interim/aligned_faces/images/BM-214.png,data/interim/aligned_faces/landmarks/BM-214.npy,eye_centres_similarity,512,512,357.0649108886719,153.30000000000004,0.42933370014506705,0.25408389404431675,0.42932947858201087,-0.0019039172127581383,-267.70679368336096,0.0019039172127581383,0.42932947858201087,-144.67901452156633,3.108601460419088e-05,9.533996213483851e-06,3.108601460419088e-05,1.0,True,ok,True,True,,
BM-215,/Users/fantine/Documents/Face_Reconstruction/data/raw/cfd/images/CFD-BM-215-155-N.jpg,/Users/fantine/Documents/Face_Reconstruction/data/interim/landmarks_mediapipe/arrays/BM-215.npy,data/interim/aligned_faces/images/BM-215.png,data/interim/aligned_faces/landmarks/BM-215.npy,eye_centres_similarity,512,512,378.7428283691406,153.30000000000004,0.40476015130611087,0.018318924091369877,0.40476013061792493,-0.00012941215607279735,-243.0786877432785,0.00012941215607279735,0.40476013061792493,-122.6058445083886,1.2115132584791189e-05,3.747081418757872e-05,3.747081418757872e-05,1.0,True,ok,True,True,,
BM-216,/Users/fantine/Documents/Face_Reconstruction/data/raw/cfd/images/CFD-BM-216-088-N.jpg,/Users/fantine/Documents/Face_Reconstruction/data/interim/landmarks_mediapipe/arrays/BM-216.npy,data/interim/aligned_faces/images/BM-216.png,data/interim/aligned_faces/landmarks/BM-216.npy,eye_centres_similarity,512,512,310.9939880371094,153.30000000000004,0.49293556486217277,1.041379536301229,0.49285414675237416,-0.008958857905924057,-348.7914192956807,0.008958857905924057,0.49285414675237416,-207.61486054600948,3.7346334334983856e-05,2.5671070332659122e-05,3.7346334334983856e-05,1.0,True,ok,True,True,,
BM-217,/Users/fantine/Documents/Face_Reconstruction/data/raw/cfd/images/CFD-BM-217-082-N.jpg,/Users/fantine/Documents/Face_Reconstruction/data/interim/landmarks_mediapipe/arrays/BM-217.npy,data/interim/aligned_faces/images/BM-217.png,data/interim/aligned_faces/landmarks/BM-217.npy,eye_centres_similarity,512,512,337.2499694824219,153.30000000000004,0.4545589733324051,0.4353502177731874,0.45454585162293887,-0.0034538398033746795,-298.48789961989576,0.0034538398033746795,0.45454585162293887,-169.58337563374192,3.367459526494472e-05,2.5489029532062288e-05,3.367459526494472e-05,1.0,True,ok,True,True,,
BM-218,/Users/fantine/Documents/Face_Reconstruction/data/raw/cfd/images/CFD-BM-218-132-N.jpg,/Users/fantine/Documents/Face_Reconstruction/data/interim/landmarks_mediapipe/arrays/BM-218.npy,data/interim/aligned_faces/images/BM-218.png,data/interim/aligned_faces/landmarks/BM-218.npy,eye_centres_similarity,512,512,369.5337219238281,153.30000000000004,0.41484712266032703,-0.2990173870282637,0.4148414732291779,0.0021650100687178285,-255.11594322114664,-0.0021650100687178285,0.4148414732291779,-117.1095613031211,1.1724470649418731e-05,9.533996213483851e-06,1.1724470649418731e-05,1.0,True,ok,True,True,,
BM-219,/Users/fantine/Documents/Face_Reconstruction/data/raw/cfd/images/CFD-BM-219-141-N.jpg,/Users/fantine/Documents/Face_Reconstruction/data/interim/landmarks_mediapipe/arrays/BM-219.npy,data/interim/aligned_faces/images/BM-219.png,data/interim/aligned_faces/landmarks/BM-219.npy,eye_centres_similarity,512,512,341.310546875,153.30000000000004,0.44915108272050275,-0.5081656841349578,0.44913341725800565,0.003983542537254123,-297.6400787352778,-0.003983542537254123,0.44913341725800565,-156.05891347832255,1.1724470649418731e-05,9.533996213483851e-06,1.1724470649418731e-05,1.0,True,ok,True,True,,
BM-221,/Users/fantine/Documents/Face_Reconstruction/data/raw/cfd/images/CFD-BM-221-198-N.jpg,/Users/fantine/Documents/Face_Reconstruction/data/interim/landmarks_mediapipe/arrays/BM-221.npy,data/interim/aligned_faces/images/BM-221.png,data/interim/aligned_faces/landmarks/BM-221.npy,eye_centres_similarity,512,512,352.0143737792969,153.30000000000004,0.4354935938721559,-0.48815326781282087,0.4354777880793273,0.0037103090468005597,-283.853484800071,-0.0037103090468005597,0.4354777880793273,-129.00504015425514,3.747081415980152e-05,3.3674595244339e-05,3.747081415980152e-05,1.0,True,ok,True,True,,
BM-222,/Users/fantine/Documents/Face_Reconstruction/data/raw/cfd/images/CFD-BM-222-173-N.jpg,/Users/fantine/Documents/Face_Reconstruction/data/interim/landmarks_mediapipe/arrays/BM-222.npy,data/interim/aligned_faces/images/BM-222.png,data/interim/aligned_faces/landmarks/BM-222.npy,eye_centres_similarity,512,512,348.2310791015625,153.30000000000004,0.44022491429266636,-0.6365572026019096,0.4401977455360716,0.004890806574113154,-288.2562791837074,-0.004890806574113154,0.4401977455360716,-149.89243803799326,3.8330855642667586e-05,1.001050994388959e-05,3.8330855642667586e-05,1.0,True,ok,True,True,,
BM-223,/Users/fantine/Documents/Face_Reconstruction/data/raw/cfd/images/CFD-BM-223-171-N.jpg,/Users/fantine/Documents/Face_Reconstruction/data/interim/landmarks_mediapipe/arrays/BM-223.npy,data/interim/aligned_faces/images/BM-223.png,data/interim/aligned_faces/landmarks/BM-223.npy,eye_centres_similarity,512,512,398.2560119628906,153.30000000000004,0.38492826074411407,-0.853976707916514,0.3848855055829258,0.005737029864334842,-220.5646429916549,-0.005737029864334842,0.3848855055829258,-96.14704472739942,1.0010509926560569e-05,3.3674595244339e-05,3.3674595244339e-05,1.0,True,ok,True,True,,
BM-224,/Users/fantine/Documents/Face_Reconstruction/data/raw/cfd/images/CFD-BM-224-073-N.jpg,/Users/fantine/Documents/Face_Reconstruction/data/interim/landmarks_mediapipe/arrays/BM-224.npy,data/interim/aligned_faces/images/BM-224.png,data/interim/aligned_faces/landmarks/BM-224.npy,eye_centres_similarity,512,512,343.273193359375,153.30000000000004,0.44658307197318897,-1.7543077880291182,0.4463737549017111,0.013671543729865333,-300.3375773423194,-0.013671543729865333,0.4463737549017111,-142.64836954918007,3.325715997561838e-05,2.5671070332659122e-05,3.325715997561838e-05,1.0,True,ok,True,True,,
BM-225,/Users/fantine/Documents/Face_Reconstruction/data/raw/cfd/images/CFD-BM-225-154-N.jpg,/Users/fantine/Documents/Face_Reconstruction/data/interim/landmarks_mediapipe/arrays/BM-225.npy,data/interim/aligned_faces/images/BM-225.png,data/interim/aligned_faces/landmarks/BM-225.npy,eye_centres_similarity,512,512,369.2649841308594,153.30000000000004,0.41514903539468917,0.19044844970616454,0.4151467419764802,-0.001379933134118096,-255.45091649117958,0.001379933134118096,0.4151467419764802,-135.03832047229025,9.533996195288716e-06,2.339327137380481e-05,2.339327137380481e-05,1.0,True,ok,True,True,,
BM-226,/Users/fantine/Documents/Face_Reconstruction/data/raw/cfd/images/CFD-BM-226-276-N.jpg,/Users/fantine/Documents/Face_Reconstruction/data/interim/landmarks_mediapipe/arrays/BM-226.npy,data/interim/aligned_faces/images/BM-226.png,data/interim/aligned_faces/landmarks/BM-226.npy,eye_centres_similarity,512,512,371.2156066894531,153.30000000000004,0.4129675729756653,0.6638059965525791,0.4129398577655321,-0.004784370177308118,-248.81010993154516,0.004784370177308118,0.4129398577655321,-127.78364227007762,2.5489029559285347e-05,3.734633436285364e-05,3.734633436285364e-05,1.0,True,ok,True,True,,
BM-227,/Users/fantine/Documents/Face_Reconstruction/data/raw/cfd/images/CFD-BM-227-191-N.jpg,/Users/fantine/Documents/Face_Reconstruction/data/interim/landmarks_mediapipe/arrays/BM-227.npy,data/interim/aligned_faces/images/BM-227.png,data/interim/aligned_faces/landmarks/BM-227.npy,eye_centres_similarity,512,512,383.5848083496094,153.30000000000004,0.39965087772967783,-0.5829458653177183,0.3996301926014781,0.004066107648284925,-233.8681566979453,-0.004066107648284925,0.3996301926014781,-102.10485393228629,1.0010509926560569e-05,9.533996213483851e-06,1.0010509926560569e-05,1.0,True,ok,True,True,,
BM-228,/Users/fantine/Documents/Face_Reconstruction/data/raw/cfd/images/CFD-BM-228-145-N.jpg,/Users/fantine/Documents/Face_Reconstruction/data/interim/landmarks_mediapipe/arrays/BM-228.npy,data/interim/aligned_faces/images/BM-228.png,data/interim/aligned_faces/landmarks/BM-228.npy,eye_centres_similarity,512,512,348.3684387207031,153.30000000000004,0.4400513320644075,-0.12071167730779957,0.4400503554424419,0.0009271065958066435,-288.0066871778587,-0.0009271065958066435,0.4400503554424419,-149.91241670077648,3.7346334334983856e-05,4.334785379607366e-05,4.334785379607366e-05,1.0,True,ok,True,True,,
BM-229,/Users/fantine/Documents/Face_Reconstruction/data/raw/cfd/images/CFD-BM-229-209-N.jpg,/Users/fantine/Documents/Face_Reconstruction/data/interim/landmarks_mediapipe/arrays/BM-229.npy,data/interim/aligned_faces/images/BM-229.png,data/interim/aligned_faces/landmarks/BM-229.npy,eye_centres_similarity,512,512,380.4224548339844,153.30000000000004,0.40297304891801805,1.1081128530695499,0.4028976864368702,-0.007793100673083937,-231.56678849087783,0.007793100673083937,0.4028976864368702,-133.59377539113484,2.5671070359689136e-05,3.747081418757872e-05,3.747081418757872e-05,1.0,True,ok,True,True,,
BM-231,/Users/fantine/Documents/Face_Reconstruction/data/raw/cfd/images/CFD-BM-231-155-N.jpg,/Users/fantine/Documents/Face_Reconstruction/data/interim/landmarks_mediapipe/arrays/BM-231.npy,data/interim/aligned_faces/images/BM-231.png,data/interim/aligned_faces/landmarks/BM-231.npy,eye_centres_similarity,512,512,357.8670959472656,153.30000000000004,0.42837133197218646,0.019094377499043434,0.4283713081842843,-0.00014275892291808862,-263.05577531934216,0.00014275892291808862,0.4283713081842843,-133.95603109190404,4.565005359051239e-05,3.734633436285364e-05,4.565005359051239e-05,1.0,True,ok,True,True,,
BM-236,/Users/fantine/Documents/Face_Reconstruction/data/raw/cfd/images/CFD-BM-236-248-N.jpg,/Users/fantine/Documents/Face_Reconstruction/data/interim/landmarks_mediapipe/arrays/BM-236.npy,data/interim/aligned_faces/images/BM-236.png,data/interim/aligned_faces/landmarks/BM-236.npy,eye_centres_similarity,512,512,371.20965576171875,153.30000000000004,0.4129741702205179,0.3901709544829263,0.412964594844827,-0.002812236471772365,-245.18682254653177,0.002812236471772365,0.412964594844827,-131.56927523301442,2.2583007820089364e-05,3.3674595244339e-05,3.3674595244339e-05,1.0,True,ok,True,True,,
BM-237,/Users/fantine/Documents/Face_Reconstruction/data/raw/cfd/images/CFD-BM-237-188-N.jpg,/Users/fantine/Documents/Face_Reconstruction/data/interim/landmarks_mediapipe/arrays/BM-237.npy,data/interim/aligned_faces/images/BM-237.png,data/interim/aligned_faces/landmarks/BM-237.npy,eye_centres_similarity,512,512,368.291748046875,153.30000000000004,0.41624607188321383,0.21944742325208835,0.41624301882329223,-0.0015942518866315127,-247.1123249079641,0.0015942518866315127,0.41624301882329223,-143.9430632058195,1.2115132584791189e-05,3.734633436285364e-05,3.734633436285364e-05,1.0,True,ok,True,True,,
BM-239,/Users/fantine/Documents/Face_Reconstruction/data/raw/cfd/images/CFD-BM-239-136-N.jpg,/Users/fantine/Documents/Face_Reconstruction/data/interim/landmarks_mediapipe/arrays/BM-239.npy,data/interim/aligned_faces/images/BM-239.png,data/interim/aligned_faces/landmarks/BM-239.npy,eye_centres_similarity,512,512,396.92578125,153.30000000000004,0.3862182945120679,0.9383270693465039,0.3861665032653867,-0.006324774430323322,-217.62532696111285,0.006324774430323322,0.3861665032653867,-109.34190258163267,9.533996195288716e-06,3.325715995475402e-05,3.325715995475402e-05,1.0,True,ok,True,True,,
