face_id,gender_self,female_prob,male_prob,ethnicity_self,age_self,asian_prob,chinese_asian_prob,japanese_asian_prob,indian_asian_prob,other_asian_prob,middle_eastern_prob,black_prob,latino_prob,multi_prob,other_prob,white_prob,gender_perceived,gender_perceived_probability,ethnicity_perceived,ethnicity_perceived_probability,ethnicity_perceived_available
AF-200,F,1.0,0.0,A,,1.0,,,,,,0.0,0.0,0.0,0.0,0.0,F,1.0,Asian,1.0,True
AF-201,F,1.0,0.0,A,,0.962962963,,,,,,0.0,0.0,0.037037037,0.0,0.0,F,1.0,Asian,0.962962963,True
AF-202,F,0.827586207,0.172413793,A,,0.310344828,,,,,,0.068965517,0.137931034,0.448275862,0.034482759,0.0,F,0.827586207,Multiracial,0.448275862,True
AF-203,F,1.0,0.0,A,,0.75862069,,,,,,0.0,0.068965517,0.172413793,0.0,0.0,F,1.0,Asian,0.75862069,True
AF-204,F,1.0,0.0,A,,0.827586207,,,,,,0.0,0.068965517,0.103448276,0.0,0.0,F,1.0,Asian,0.827586207,True
AF-205,F,1.0,0.0,A,,0.846153846,,,,,,0.0,0.0,0.153846154,0.0,0.0,F,1.0,Asian,0.846153846,True
AF-206,F,0.857142857,0.142857143,A,,1.0,,,,,,0.0,0.0,0.0,0.0,0.0,F,0.857142857,Asian,1.0,True
AF-207,F,1.0,0.0,A,,0.035714286,,,,,,0.428571429,0.035714286,0.357142857,0.107142857,0.035714286,F,1.0,Black,0.428571429,True
AF-208,F,1.0,0.0,A,,0.230769231,,,,,,0.115384615,0.384615385,0.230769231,0.038461538,0.0,F,1.0,Latino,0.384615385,True
AF-209,F,1.0,0.0,A,,0.08,,,,,,0.08,0.4,0.32,0.12,0.0,F,1.0,Latino,0.4,True
AF-210,F,1.0,0.0,A,,0.384615385,,,,,,0.0,0.192307692,0.230769231,0.192307692,0.0,F,1.0,Asian,0.384615385,True
AF-211,F,0.923076923,0.076923077,A,,1.0,,,,,,0.0,0.0,0.0,0.0,0.0,F,0.923076923,Asian,1.0,True
AF-212,F,1.0,0.0,A,,0.928571429,,,,,,0.0,0.0,0.035714286,0.035714286,0.0,F,1.0,Asian,0.928571429,True
AF-213,F,1.0,0.0,A,,0.956521739,,,,,,0.0,0.0,0.043478261,0.0,0.0,F,1.0,Asian,0.956521739,True
AF-214,F,1.0,0.0,A,,1.0,,,,,,0.0,0.0,0.0,0.0,0.0,F,1.0,Asian,1.0,True
AF-215,F,1.0,0.0,A,,1.0,,,,,,0.0,0.0,0.0,0.0,0.0,F,1.0,Asian,1.0,True
AF-216,F,1.0,0.0,A,,0.933333333,,,,,,0.0,0.033333333,0.033333333,0.0,0.0,F,1.0,Asian,0.933333333,True
AF-217,F,1.0,0.0,A,,0.208333333,,,,,,0.0,0.208333333,0.375,0.0,0.208333333,F,1.0,Multiracial,0.375,True
AF-218,F,1.0,0.0,A,,0.857142857,,,,,,0.0,0.035714286,0.107142857,0.0,0.0,F,1.0,Asian,0.857142857,True
AF-219,F,1.0,0.0,A,,0.821428571,,,,,,0.0,0.0,0.178571429,0.0,0.0,F,1.0,Asian,0.821428571,True
AF-220,F,1.0,0.0,A,,0.739130435,,,,,,0.0,0.086956522,0.130434783,0.043478261,0.0,F,1.0,Asian,0.739130435,True
AF-221,F,1.0,0.0,A,,0.666666667,,,,,,0.0,0.222222222,0.111111111,0.0,0.0,F,1.0,Asian,0.666666667,True
AF-222,F,1.0,0.0,A,,0.827586207,,,,,,0.034482759,0.034482759,0.068965517,0.034482759,0.0,F,1.0,Asian,0.827586207,True
AF-223,F,1.0,0.0,A,,0.814814815,,,,,,0.0,0.0,0.148148148,0.037037037,0.0,F,1.0,Asian,0.814814815,True
AF-224,F,0.96,0.04,A,,0.96,,,,,,0.0,0.0,0.0,0.04,0.0,F,0.96,Asian,0.96,True
AF-225,F,1.0,0.0,A,,0.965517241,,,,,,0.0,0.0,0.0,0.034482759,0.0,F,1.0,Asian,0.965517241,True
AF-226,F,1.0,0.0,A,,0.88,,,,,,0.0,0.0,0.04,0.04,0.04,F,1.0,Asian,0.88,True
AF-227,F,0.961538462,0.038461538,A,,0.461538462,,,,,,0.0,0.192307692,0.307692308,0.0,0.038461538,F,0.961538462,Asian,0.461538462,True
AF-228,F,1.0,0.0,A,,0.923076923,,,,,,0.0,0.0,0.076923077,0.0,0.0,F,1.0,Asian,0.923076923,True
AF-229,F,1.0,0.0,A,,0.846153846,,,,,,0.0,0.076923077,0.076923077,0.0,0.0,F,1.0,Asian,0.846153846,True
AF-230,F,1.0,0.0,A,,1.0,,,,,,0.0,0.0,0.0,0.0,0.0,F,1.0,Asian,1.0,True
AF-231,F,1.0,0.0,A,,0.875,,,,,,0.0,0.041666667,0.083333333,0.0,0.0,F,1.0,Asian,0.875,True
AF-232,F,0.92,0.08,A,,0.961538462,,,,,,0.0,0.0,0.0,0.038461538,0.0,F,0.92,Asian,0.961538462,True
AF-233,F,1.0,0.0,A,,0.571428571,,,,,,0.0,0.178571429,0.25,0.0,0.0,F,1.0,Asian,0.571428571,True
AF-234,F,0.925925926,0.074074074,A,,0.518518519,,,,,,0.0,0.333333333,0.074074074,0.074074074,0.0,F,0.925925926,Asian,0.518518519,True
AF-235,F,1.0,0.0,A,,0.961538462,,,,,,0.0,0.0,0.038461538,0.0,0.0,F,1.0,Asian,0.961538462,True
AF-236,F,1.0,0.0,A,,0.925925926,,,,,,0.0,0.037037037,0.037037037,0.0,0.0,F,1.0,Asian,0.925925926,True
AF-237,F,1.0,0.0,A,,0.888888889,,,,,,0.0,0.037037037,0.037037037,0.0,0.037037037,F,1.0,Asian,0.888888889,True
AF-238,F,1.0,0.0,A,,0.888888889,,,,,,0.0,0.074074074,0.037037037,0.0,0.0,F,1.0,Asian,0.888888889,True
AF-239,F,1.0,0.0,A,,0.814814815,,,,,,0.0,0.0,0.148148148,0.0,0.037037037,F,1.0,Asian,0.814814815,True
AF-240,F,1.0,0.0,A,,0.75862069,,,,,,0.0,0.137931034,0.103448276,0.0,0.0,F,1.0,Asian,0.75862069,True
AF-241,F,1.0,0.0,A,,0.791666667,,,,,,0.0,0.041666667,0.125,0.0,0.041666667,F,1.0,Asian,0.791666667,True
AF-242,F,1.0,0.0,A,,0.888888889,,,,,,0.0,0.0,0.111111111,0.0,0.0,F,1.0,Asian,0.888888889,True
AF-243,F,1.0,0.0,A,,0.689655172,,,,,,0.0,0.24137931,0.068965517,0.0,0.0,F,1.0,Asian,0.689655172,True
AF-244,F,0.958333333,0.041666667,A,,0.875,,,,,,0.0,0.083333333,0.0,0.0,0.041666667,F,0.958333333,Asian,0.875,True
AF-245,F,1.0,0.0,A,,0.925925926,,,,,,0.0,0.0,0.037037037,0.037037037,0.0,F,1.0,Asian,0.925925926,True
AF-246,F,0.962962963,0.037037037,A,,0.962962963,,,,,,0.0,0.0,0.0,0.0,0.037037037,F,0.962962963,Asian,0.962962963,True
AF-247,F,1.0,0.0,A,,0.857142857,,,,,,0.0,0.0,0.107142857,0.035714286,0.0,F,1.0,Asian,0.857142857,True
AF-248,F,1.0,0.0,A,,0.724137931,,,,,,0.0,0.068965517,0.172413793,0.034482759,0.0,F,1.0,Asian,0.724137931,True
AF-249,F,1.0,0.0,A,,0.84,,,,,,0.0,0.04,0.08,0.04,0.0,F,1.0,Asian,0.84,True
AF-250,F,1.0,0.0,A,,0.586206897,,,,,,0.0,0.068965517,0.275862069,0.068965517,0.0,F,1.0,Asian,0.586206897,True
AF-251,F,0.964285714,0.035714286,A,,0.357142857,,,,,,0.071428571,0.0,0.535714286,0.035714286,0.0,F,0.964285714,Multiracial,0.535714286,True
AF-252,F,1.0,0.0,A,,0.862068966,,,,,,0.0,0.068965517,0.068965517,0.0,0.0,F,1.0,Asian,0.862068966,True
AF-253,F,1.0,0.0,A,,1.0,,,,,,0.0,0.0,0.0,0.0,0.0,F,1.0,Asian,1.0,True
AF-254,F,1.0,0.0,A,,0.92,,,,,,0.0,0.08,0.0,0.0,0.0,F,1.0,Asian,0.92,True
AF-255,F,1.0,0.0,A,,0.958333333,,,,,,0.0,0.0,0.041666667,0.0,0.0,F,1.0,Asian,0.958333333,True
AF-256,F,1.0,0.0,A,,0.863636364,,,,,,0.0,0.0,0.090909091,0.045454545,0.0,F,1.0,Asian,0.863636364,True
AM-201,M,0.04,0.96,A,,1.0,,,,,,0.0,0.0,0.0,0.0,0.0,M,0.96,Asian,1.0,True
AM-202,M,0.0,1.0,A,,0.846153846,,,,,,0.0,0.038461538,0.076923077,0.038461538,0.0,M,1.0,Asian,0.846153846,True
AM-203,M,0.0,1.0,A,,0.958333333,,,,,,0.0,0.0,0.041666667,0.0,0.0,M,1.0,Asian,0.958333333,True
AM-204,M,0.0,1.0,A,,0.583333333,,,,,,0.0,0.083333333,0.291666667,0.041666667,0.0,M,1.0,Asian,0.583333333,True
AM-205,M,0.0,1.0,A,,0.958333333,,,,,,0.0,0.0,0.041666667,0.0,0.0,M,1.0,Asian,0.958333333,True
AM-206,M,0.035714286,0.964285714,A,,0.857142857,,,,,,0.0,0.071428571,0.071428571,0.0,0.0,M,0.964285714,Asian,0.857142857,True
AM-207,M,0.0,1.0,A,,0.958333333,,,,,,0.0,0.0,0.041666667,0.0,0.0,M,1.0,Asian,0.958333333,True
AM-208,M,0.0,1.0,A,,0.607142857,,,,,,0.0,0.25,0.071428571,0.035714286,0.035714286,M,1.0,Asian,0.607142857,True
AM-209,M,0.0,1.0,A,,0.964285714,,,,,,0.0,0.0,0.035714286,0.0,0.0,M,1.0,Asian,0.964285714,True
AM-210,M,0.0,1.0,A,,1.0,,,,,,0.0,0.0,0.0,0.0,0.0,M,1.0,Asian,1.0,True
AM-211,M,0.0,1.0,A,,0.5,,,,,,0.0,0.178571429,0.25,0.071428571,0.0,M,1.0,Asian,0.5,True
AM-212,M,0.0,1.0,A,,0.37037037,,,,,,0.0,0.333333333,0.259259259,0.037037037,0.0,M,1.0,Asian,0.37037037,True
AM-213,M,0.0,1.0,A,,1.0,,,,,,0.0,0.0,0.0,0.0,0.0,M,1.0,Asian,1.0,True
AM-214,M,0.0,1.0,A,,0.074074074,,,,,,0.037037037,0.259259259,0.222222222,0.407407407,0.0,M,1.0,Other,0.407407407,True
AM-215,M,0.0,1.0,A,,0.962962963,,,,,,0.0,0.037037037,0.0,0.0,0.0,M,1.0,Asian,0.962962963,True
AM-216,M,0.0,1.0,A,,0.6,,,,,,0.0,0.12,0.24,0.0,0.04,M,1.0,Asian,0.6,True
AM-217,M,0.0,1.0,A,,0.538461538,,,,,,0.0,0.076923077,0.307692308,0.038461538,0.038461538,M,1.0,Asian,0.538461538,True
AM-218,M,0.0,1.0,A,,0.785714286,,,,,,0.0,0.107142857,0.071428571,0.0,0.035714286,M,1.0,Asian,0.785714286,True
AM-219,M,0.0,1.0,A,,0.633333333,,,,,,0.0,0.1,0.166666667,0.1,0.0,M,1.0,Asian,0.633333333,True
AM-220,M,0.0,1.0,A,,0.551724138,,,,,,0.0,0.24137931,0.172413793,0.034482759,0.0,M,1.0,Asian,0.551724138,True
AM-221,M,0.0,1.0,A,,0.961538462,,,,,,0.0,0.038461538,0.0,0.0,0.0,M,1.0,Asian,0.961538462,True
AM-223,M,0.0,1.0,A,,0.851851852,,,,,,0.0,0.037037037,0.111111111,0.0,0.0,M,1.0,Asian,0.851851852,True
AM-224,M,0.04,0.96,A,,0.88,,,,,,0.0,0.04,0.04,0.04,0.0,M,0.96,Asian,0.88,True
AM-225,M,0.0,1.0,A,,0.72,,,,,,0.0,0.16,0.08,0.0,0.04,M,1.0,Asian,0.72,True
AM-226,M,0.0,1.0,A,,0.863636364,,,,,,0.0,0.045454545,0.045454545,0.0,0.045454545,M,1.0,Asian,0.863636364,True
AM-227,M,0.0,1.0,A,,0.923076923,,,,,,0.0,0.076923077,0.0,0.0,0.0,M,1.0,Asian,0.923076923,True
AM-228,M,0.0,1.0,A,,0.928571429,,,,,,0.0,0.071428571,0.0,0.0,0.0,M,1.0,Asian,0.928571429,True
AM-229,M,0.0,1.0,A,,0.923076923,,,,,,0.0,0.038461538,0.038461538,0.0,0.0,M,1.0,Asian,0.923076923,True
AM-230,M,0.0,1.0,A,,0.869565217,,,,,,0.0,0.086956522,0.043478261,0.0,0.0,M,1.0,Asian,0.869565217,True
AM-231,M,0.0,1.0,A,,0.931034483,,,,,,0.0,0.0,0.068965517,0.0,0.0,M,1.0,Asian,0.931034483,True
AM-232,M,0.038461538,0.961538462,A,,0.423076923,,,,,,0.0,0.384615385,0.153846154,0.038461538,0.0,M,0.961538462,Asian,0.423076923,True
AM-233,M,0.0,1.0,A,,0.678571429,,,,,,0.0,0.0,0.25,0.0,0.071428571,M,1.0,Asian,0.678571429,True
AM-234,M,0.0,1.0,A,,0.923076923,,,,,,0.0,0.038461538,0.038461538,0.0,0.0,M,1.0,Asian,0.923076923,True
AM-235,M,0.0,1.0,A,,0.04,,,,,,0.04,0.68,0.2,0.04,0.0,M,1.0,Latino,0.68,True
AM-236,M,0.0,1.0,A,,0.892857143,,,,,,0.0,0.071428571,0.035714286,0.0,0.0,M,1.0,Asian,0.892857143,True
AM-237,M,0.0,1.0,A,,0.923076923,,,,,,0.0,0.0,0.076923077,0.0,0.0,M,1.0,Asian,0.923076923,True
AM-238,M,0.0,1.0,A,,0.961538462,,,,,,0.0,0.0,0.0,0.0,0.038461538,M,1.0,Asian,0.961538462,True
AM-239,M,0.04,0.96,A,,1.0,,,,,,0.0,0.0,0.0,0.0,0.0,M,0.96,Asian,1.0,True
AM-240,M,0.0,1.0,A,,0.961538462,,,,,,0.0,0.0,0.038461538,0.0,0.0,M,1.0,Asian,0.961538462,True
AM-241,M,0.0,1.0,A,,0.884615385,,,,,,0.0,0.0,0.076923077,0.0,0.038461538,M,1.0,Asian,0.884615385,True
AM-242,M,0.0,1.0,A,,0.96,,,,,,0.0,0.0,0.04,0.0,0.0,M,1.0,Asian,0.96,True
AM-243,M,0.0,1.0,A,,0.44,,,,,,0.0,0.32,0.2,0.0,0.04,M,1.0,Asian,0.44,True
AM-244,M,0.0,1.0,A,,0.107142857,,,,,,0.0,0.321428571,0.428571429,0.071428571,0.071428571,M,1.0,Multiracial,0.428571429,True
AM-245,M,0.0,1.0,A,,0.384615385,,,,,,0.0,0.346153846,0.192307692,0.076923077,0.0,M,1.0,Asian,0.384615385,True
AM-246,M,0.0,1.0,A,,0.928571429,,,,,,0.0,0.035714286,0.0,0.0,0.035714286,M,1.0,Asian,0.928571429,True
AM-247,M,0.0,1.0,A,,0.458333333,,,,,,0.0,0.375,0.125,0.041666667,0.0,M,1.0,Asian,0.458333333,True
AM-248,M,0.0,1.0,A,,0.923076923,,,,,,0.0,0.038461538,0.038461538,0.0,0.0,M,1.0,Asian,0.923076923,True
AM-249,M,0.041666667,0.958333333,A,,0.875,,,,,,0.0,0.041666667,0.083333333,0.0,0.0,M,0.958333333,Asian,0.875,True
AM-250,M,0.0,1.0,A,,0.846153846,,,,,,0.0,0.076923077,0.038461538,0.0,0.038461538,M,1.0,Asian,0.846153846,True
AM-251,M,0.038461538,0.961538462,A,,0.961538462,,,,,,0.0,0.0,0.038461538,0.0,0.0,M,0.961538462,Asian,0.961538462,True
AM-252,M,0.0,1.0,A,,0.8,,,,,,0.0,0.0,0.2,0.0,0.0,M,1.0,Asian,0.8,True
AM-253,M,0.0,1.0,A,,0.620689655,,,,,,0.0,0.206896552,0.137931034,0.0,0.034482759,M,1.0,Asian,0.620689655,True
BF-001,F,1.0,0.0,B,,0.0,,,,,,1.0,0.0,0.0,0.0,0.0,F,1.0,Black,1.0,True
BF-002,F,1.0,0.0,B,,0.0,,,,,,0.978494624,0.0,0.010752688,0.010752688,0.0,F,1.0,Black,0.978494624,True
BF-003,F,0.988764045,0.011235955,B,,0.011235955,,,,,,0.606741573,0.134831461,0.06741573,0.168539326,0.011235955,F,0.988764045,Black,0.606741573,True
BF-004,F,1.0,0.0,B,,0.0,,,,,,1.0,0.0,0.0,0.0,0.0,F,1.0,Black,1.0,True
BF-005,F,1.0,0.0,B,,0.0,,,,,,0.813186813,0.076923077,0.054945055,0.054945055,0.0,F,1.0,Black,0.813186813,True
BF-006,F,0.989361702,0.010638298,B,,0.010526316,,,,,,0.957894737,0.010526316,0.0,0.021052632,0.0,F,0.989361702,Black,0.957894737,True
BF-007,F,0.97826087,0.02173913,B,,0.0,,,,,,0.97826087,0.0,0.010869565,0.010869565,0.0,F,0.97826087,Black,0.97826087,True
BF-008,F,1.0,0.0,B,,0.0,,,,,,0.988505747,0.011494253,0.0,0.0,0.0,F,1.0,Black,0.988505747,True
BF-009,F,1.0,0.0,B,,0.010752688,,,,,,0.956989247,0.010752688,0.010752688,0.010752688,0.0,F,1.0,Black,0.956989247,True
BF-010,F,1.0,0.0,B,,0.0,,,,,,1.0,0.0,0.0,0.0,0.0,F,1.0,Black,1.0,True
BF-011,F,1.0,0.0,B,,0.0,,,,,,0.978723404,0.010638298,0.010638298,0.0,0.0,F,1.0,Black,0.978723404,True
BF-012,F,0.989361702,0.010638298,B,,0.0,,,,,,0.946808511,0.0,0.010638298,0.042553191,0.0,F,0.989361702,Black,0.946808511,True
BF-013,F,1.0,0.0,B,,0.010989011,,,,,,0.945054945,0.021978022,0.010989011,0.010989011,0.0,F,1.0,Black,0.945054945,True
BF-014,F,0.977011494,0.022988506,B,,0.0,,,,,,0.954022989,0.034482759,0.011494253,0.0,0.0,F,0.977011494,Black,0.954022989,True
BF-015,F,0.989795918,0.010204082,B,,0.010204082,,,,,,0.908163265,0.030612245,0.020408163,0.030612245,0.0,F,0.989795918,Black,0.908163265,True
BF-016,F,1.0,0.0,B,,0.011627907,,,,,,0.930232558,0.023255814,0.023255814,0.011627907,0.0,F,1.0,Black,0.930232558,True
BF-017,F,0.988764045,0.011235955,B,,0.0,,,,,,1.0,0.0,0.0,0.0,0.0,F,0.988764045,Black,1.0,True
BF-018,F,0.978021978,0.021978022,B,,0.0,,,,,,0.977777778,0.0,0.011111111,0.011111111,0.0,F,0.978021978,Black,0.977777778,True
BF-019,F,1.0,0.0,B,,0.0,,,,,,0.943820225,0.033707865,0.011235955,0.011235955,0.0,F,1.0,Black,0.943820225,True
BF-020,F,0.827956989,0.172043011,B,,0.0,,,,,,0.914893617,0.031914894,0.031914894,0.021276596,0.0,F,0.827956989,Black,0.914893617,True
BF-021,F,1.0,0.0,B,,0.0,,,,,,1.0,0.0,0.0,0.0,0.0,F,1.0,Black,1.0,True
BF-023,F,1.0,0.0,B,,0.0,,,,,,0.945652174,0.010869565,0.010869565,0.032608696,0.0,F,1.0,Black,0.945652174,True
BF-024,F,0.989010989,0.010989011,B,,0.0,,,,,,0.989010989,0.0,0.010989011,0.0,0.0,F,0.989010989,Black,0.989010989,True
BF-025,F,1.0,0.0,B,,0.0,,,,,,0.957446809,0.021276596,0.021276596,0.0,0.0,F,1.0,Black,0.957446809,True
BF-027,F,0.989247312,0.010752688,B,,0.0,,,,,,1.0,0.0,0.0,0.0,0.0,F,0.989247312,Black,1.0,True
BF-028,F,1.0,0.0,B,,0.0,,,,,,1.0,0.0,0.0,0.0,0.0,F,1.0,Black,1.0,True
BF-029,F,0.715909091,0.284090909,B,,0.0,,,,,,0.988764045,0.0,0.0,0.011235955,0.0,F,0.715909091,Black,0.988764045,True
BF-030,F,0.989473684,0.010526316,B,,0.0,,,,,,0.957894737,0.021052632,0.0,0.021052632,0.0,F,0.989473684,Black,0.957894737,True
BF-031,F,0.978021978,0.021978022,B,,0.010869565,,,,,,0.956521739,0.0,0.010869565,0.02173913,0.0,F,0.978021978,Black,0.956521739,True
BF-032,F,0.979166667,0.020833333,B,,0.0,,,,,,0.989583333,0.0,0.0,0.0,0.010416667,F,0.979166667,Black,0.989583333,True
BF-033,F,0.978723404,0.021276596,B,,0.0,,,,,,0.989361702,0.010638298,0.0,0.0,0.0,F,0.978723404,Black,0.989361702,True
BF-034,F,0.948453608,0.051546392,B,,0.010309278,,,,,,0.969072165,0.0,0.010309278,0.010309278,0.0,F,0.948453608,Black,0.969072165,True
BF-035,F,0.341176471,0.658823529,B,,0.0,,,,,,0.964705882,0.0,0.023529412,0.011764706,0.0,M,0.658823529,Black,0.964705882,True
BF-036,F,0.988888889,0.011111111,B,,0.0,,,,,,0.911111111,0.022222222,0.033333333,0.022222222,0.011111111,F,0.988888889,Black,0.911111111,True
BF-037,F,0.988505747,0.011494253,B,,0.0,,,,,,1.0,0.0,0.0,0.0,0.0,F,0.988505747,Black,1.0,True
BF-038,F,0.989361702,0.010638298,B,,0.0,,,,,,0.978723404,0.010638298,0.010638298,0.0,0.0,F,0.989361702,Black,0.978723404,True
BF-039,F,1.0,0.0,B,,0.0,,,,,,0.988888889,0.0,0.0,0.011111111,0.0,F,1.0,Black,0.988888889,True
BF-040,F,0.988505747,0.011494253,B,,0.0,,,,,,0.988505747,0.0,0.0,0.0,0.011494253,F,0.988505747,Black,0.988505747,True
BF-041,F,0.978947368,0.021052632,B,,0.0,,,,,,0.873684211,0.052631579,0.021052632,0.042105263,0.010526316,F,0.978947368,Black,0.873684211,True
BF-042,F,0.977272727,0.022727273,B,,0.011363636,,,,,,0.943181818,0.022727273,0.011363636,0.011363636,0.0,F,0.977272727,Black,0.943181818,True
BF-043,F,0.978494624,0.021505376,B,,0.0,,,,,,0.936170213,0.010638298,0.010638298,0.031914894,0.010638298,F,0.978494624,Black,0.936170213,True
BF-044,F,0.808510638,0.191489362,B,,0.0,,,,,,0.904255319,0.010638298,0.010638298,0.074468085,0.0,F,0.808510638,Black,0.904255319,True
BF-045,F,0.893617021,0.106382979,B,,0.0,,,,,,0.734042553,0.063829787,0.095744681,0.106382979,0.0,F,0.893617021,Black,0.734042553,True
BF-047,F,1.0,0.0,B,,0.0,,,,,,0.95505618,0.011235955,0.0,0.033707865,0.0,F,1.0,Black,0.95505618,True
BF-048,F,0.989361702,0.010638298,B,,0.0,,,,,,0.968085106,0.0,0.010638298,0.021276596,0.0,F,0.989361702,Black,0.968085106,True
BF-049,F,0.989361702,0.010638298,B,,0.010638298,,,,,,0.957446809,0.010638298,0.010638298,0.010638298,0.0,F,0.989361702,Black,0.957446809,True
BF-050,F,0.979166667,0.020833333,B,,0.0,,,,,,0.989583333,0.0,0.0,0.010416667,0.0,F,0.979166667,Black,0.989583333,True
BF-051,F,0.988505747,0.011494253,B,,0.011494253,,,,,,0.977011494,0.011494253,0.0,0.0,0.0,F,0.988505747,Black,0.977011494,True
BF-200,F,1.0,0.0,B,,0.0,,,,,,0.793103448,0.0,0.172413793,0.034482759,0.0,F,1.0,Black,0.793103448,True
BF-201,F,1.0,0.0,B,,0.0,,,,,,1.0,0.0,0.0,0.0,0.0,F,1.0,Black,1.0,True
BF-202,F,1.0,0.0,B,,0.0,,,,,,1.0,0.0,0.0,0.0,0.0,F,1.0,Black,1.0,True
BF-203,F,0.958333333,0.041666667,B,,0.0,,,,,,0.08,0.12,0.64,0.04,0.12,F,0.958333333,Multiracial,0.64,True
BF-204,F,1.0,0.0,B,,0.0,,,,,,1.0,0.0,0.0,0.0,0.0,F,1.0,Black,1.0,True
BF-205,F,0.964285714,0.035714286,B,,0.0,,,,,,0.964285714,0.0,0.035714286,0.0,0.0,F,0.964285714,Black,0.964285714,True
BF-206,F,1.0,0.0,B,,0.0,,,,,,0.964285714,0.0,0.035714286,0.0,0.0,F,1.0,Black,0.964285714,True
BF-207,F,0.964285714,0.035714286,B,,0.0,,,,,,0.214285714,0.285714286,0.5,0.0,0.0,F,0.964285714,Multiracial,0.5,True
BF-208,F,0.966666667,0.033333333,B,,0.0,,,,,,0.966666667,0.0,0.033333333,0.0,0.0,F,0.966666667,Black,0.966666667,True
BF-209,F,1.0,0.0,B,,0.0,,,,,,0.142857143,0.464285714,0.321428571,0.071428571,0.0,F,1.0,Latino,0.464285714,True
BF-210,F,1.0,0.0,B,,0.0,,,,,,0.962962963,0.0,0.037037037,0.0,0.0,F,1.0,Black,0.962962963,True
BF-211,F,1.0,0.0,B,,0.0,,,,,,0.851851852,0.0,0.148148148,0.0,0.0,F,1.0,Black,0.851851852,True
BF-212,F,1.0,0.0,B,,0.0,,,,,,0.92,0.0,0.08,0.0,0.0,F,1.0,Black,0.92,True
BF-213,F,1.0,0.0,B,,0.0,,,,,,0.814814815,0.037037037,0.148148148,0.0,0.0,F,1.0,Black,0.814814815,True
BF-214,F,1.0,0.0,B,,0.0,,,,,,0.846153846,0.0,0.153846154,0.0,0.0,F,1.0,Black,0.846153846,True
BF-215,F,1.0,0.0,B,,0.0,,,,,,0.966666667,0.0,0.0,0.033333333,0.0,F,1.0,Black,0.966666667,True
BF-216,F,0.962962963,0.037037037,B,,0.0,,,,,,0.607142857,0.035714286,0.357142857,0.0,0.0,F,0.962962963,Black,0.607142857,True
BF-217,F,1.0,0.0,B,,0.0,,,,,,0.965517241,0.0,0.034482759,0.0,0.0,F,1.0,Black,0.965517241,True
BF-218,F,1.0,0.0,B,,0.0,,,,,,1.0,0.0,0.0,0.0,0.0,F,1.0,Black,1.0,True
BF-219,F,1.0,0.0,B,,0.0,,,,,,1.0,0.0,0.0,0.0,0.0,F,1.0,Black,1.0,True
BF-220,F,1.0,0.0,B,,0.0,,,,,,1.0,0.0,0.0,0.0,0.0,F,1.0,Black,1.0,True
BF-221,F,1.0,0.0,B,,0.0,,,,,,1.0,0.0,0.0,0.0,0.0,F,1.0,Black,1.0,True
BF-222,F,1.0,0.0,B,,0.034482759,,,,,,0.896551724,0.0,0.068965517,0.0,0.0,F,1.0,Black,0.896551724,True
BF-223,F,0.952380952,0.047619048,B,,0.0,,,,,,0.954545455,0.0,0.045454545,0.0,0.0,F,0.952380952,Black,0.954545455,True
BF-224,F,1.0,0.0,B,,0.0,,,,,,1.0,0.0,0.0,0.0,0.0,F,1.0,Black,1.0,True
BF-225,F,1.0,0.0,B,,0.0,,,,,,1.0,0.0,0.0,0.0,0.0,F,1.0,Black,1.0,True
BF-226,F,1.0,0.0,B,,0.0,,,,,,0.925925926,0.0,0.074074074,0.0,0.0,F,1.0,Black,0.925925926,True
BF-227,F,1.0,0.0,B,,0.0,,,,,,1.0,0.0,0.0,0.0,0.0,F,1.0,Black,1.0,True
BF-228,F,1.0,0.0,B,,0.0,,,,,,1.0,0.0,0.0,0.0,0.0,F,1.0,Black,1.0,True
BF-229,F,0.96,0.04,B,,0.0,,,,,,1.0,0.0,0.0,0.0,0.0,F,0.96,Black,1.0,True
BF-230,F,1.0,0.0,B,,0.0,,,,,,0.923076923,0.0,0.076923077,0.0,0.0,F,1.0,Black,0.923076923,True
BF-231,F,1.0,0.0,B,,0.0,,,,,,0.962962963,0.0,0.0,0.037037037,0.0,F,1.0,Black,0.962962963,True
BF-232,F,0.962962963,0.037037037,B,,0.0,,,,,,0.925925926,0.0,0.074074074,0.0,0.0,F,0.962962963,Black,0.925925926,True
BF-233,F,1.0,0.0,B,,0.0,,,,,,0.884615385,0.0,0.115384615,0.0,0.0,F,1.0,Black,0.884615385,True
BF-234,F,0.962962963,0.037037037,B,,0.0,,,,,,0.851851852,0.074074074,0.074074074,0.0,0.0,F,0.962962963,Black,0.851851852,True
BF-235,F,0.965517241,0.034482759,B,,0.0,,,,,,0.965517241,0.0,0.034482759,0.0,0.0,F,0.965517241,Black,0.965517241,True
BF-236,F,1.0,0.0,B,,0.0,,,,,,0.068965517,0.517241379,0.206896552,0.068965517,0.137931034,F,1.0,Latino,0.517241379,True
BF-237,F,1.0,0.0,B,,0.035714286,,,,,,0.785714286,0.035714286,0.071428571,0.071428571,0.0,F,1.0,Black,0.785714286,True
BF-238,F,1.0,0.0,B,,0.0,,,,,,1.0,0.0,0.0,0.0,0.0,F,1.0,Black,1.0,True
BF-239,F,1.0,0.0,B,,0.0,,,,,,0.965517241,0.0,0.034482759,0.0,0.0,F,1.0,Black,0.965517241,True
BF-240,F,1.0,0.0,B,,0.0,,,,,,0.379310345,0.068965517,0.551724138,0.0,0.0,F,1.0,Multiracial,0.551724138,True
BF-241,F,0.964285714,0.035714286,B,,0.0,,,,,,0.964285714,0.0,0.035714286,0.0,0.0,F,0.964285714,Black,0.964285714,True
BF-242,F,1.0,0.0,B,,0.0,,,,,,0.884615385,0.0,0.115384615,0.0,0.0,F,1.0,Black,0.884615385,True
BF-243,F,1.0,0.0,B,,0.0,,,,,,0.96,0.0,0.04,0.0,0.0,F,1.0,Black,0.96,True
BF-244,F,1.0,0.0,B,,0.0,,,,,,1.0,0.0,0.0,0.0,0.0,F,1.0,Black,1.0,True
BF-245,F,1.0,0.0,B,,0.0,,,,,,0.964285714,0.0,0.0,0.035714286,0.0,F,1.0,Black,0.964285714,True
BF-246,F,1.0,0.0,B,,0.0,,,,,,1.0,0.0,0.0,0.0,0.0,F,1.0,Black,1.0,True
BF-247,F,1.0,0.0,B,,0.0,,,,,,0.925925926,0.0,0.074074074,0.0,0.0,F,1.0,Black,0.925925926,True
BF-248,F,1.0,0.0,B,,0.0,,,,,,0.964285714,0.0,0.035714286,0.0,0.0,F,1.0,Black,0.964285714,True
BF-249,F,0.961538462,0.038461538,B,,0.0,,,,,,0.961538462,0.0,0.038461538,0.0,0.0,F,0.961538462,Black,0.961538462,True
BF-250,F,1.0,0.0,B,,0.0,,,,,,1.0,0.0,0.0,0.0,0.0,F,1.0,Black,1.0,True
BF-251,F,1.0,0.0,B,,0.0,,,,,,0.925925926,0.0,0.074074074,0.0,0.0,F,1.0,Black,0.925925926,True
BF-252,F,1.0,0.0,B,,0.0,,,,,,0.913043478,0.0,0.086956522,0.0,0.0,F,1.0,Black,0.913043478,True
BF-253,F,1.0,0.0,B,,0.0,,,,,,1.0,0.0,0.0,0.0,0.0,F,1.0,Black,1.0,True
BF-254,F,0.962962963,0.037037037,B,,0.0,,,,,,0.740740741,0.0,0.259259259,0.0,0.0,F,0.962962963,Black,0.740740741,True
BF-255,F,1.0,0.0,B,,0.0,,,,,,0.615384615,0.038461538,0.346153846,0.0,0.0,F,1.0,Black,0.615384615,True
BM-001,M,0.0,1.0,B,,0.0,,,,,,1.0,0.0,0.0,0.0,0.0,M,1.0,Black,1.0,True
BM-002,M,0.0,1.0,B,,0.0,,,,,,0.989361702,0.010638298,0.0,0.0,0.0,M,1.0,Black,0.989361702,True
BM-003,M,0.010989011,0.989010989,B,,0.010989011,,,,,,0.978021978,0.010989011,0.0,0.0,0.0,M,0.989010989,Black,0.978021978,True
BM-004,M,0.007633588,0.992366412,B,,0.038167939,,,,,,0.198473282,0.099236641,0.396946565,0.251908397,0.015267176,M,0.992366412,Multiracial,0.396946565,True
BM-005,M,0.010869565,0.989130435,B,,0.0,,,,,,0.989130435,0.0,0.0,0.010869565,0.0,M,0.989130435,Black,0.989130435,True
BM-009,M,0.0,1.0,B,,0.010309278,,,,,,0.917525773,0.030927835,0.020618557,0.020618557,0.0,M,1.0,Black,0.917525773,True
BM-010,M,0.0,1.0,B,,0.010638298,,,,,,0.936170213,0.042553191,0.0,0.010638298,0.0,M,1.0,Black,0.936170213,True
BM-011,M,0.0,1.0,B,,0.0,,,,,,0.97826087,0.0,0.0,0.010869565,0.010869565,M,1.0,Black,0.97826087,True
BM-012,M,0.0,1.0,B,,0.0,,,,,,0.392857143,0.107142857,0.428571429,0.071428571,0.0,M,1.0,Multiracial,0.428571429,True
BM-013,M,0.011235955,0.988764045,B,,0.011235955,,,,,,0.887640449,0.02247191,0.02247191,0.056179775,0.0,M,0.988764045,Black,0.887640449,True
BM-015,M,0.0,1.0,B,,0.0,,,,,,0.913978495,0.032258065,0.021505376,0.032258065,0.0,M,1.0,Black,0.913978495,True
BM-016,M,0.0,1.0,B,,0.032608696,,,,,,0.554347826,0.184782609,0.065217391,0.152173913,0.010869565,M,1.0,Black,0.554347826,True
BM-017,M,0.0,1.0,B,,0.0,,,,,,0.836956522,0.054347826,0.032608696,0.065217391,0.010869565,M,1.0,Black,0.836956522,True
BM-018,M,0.0,1.0,B,,0.0,,,,,,0.683673469,0.214285714,0.030612245,0.071428571,0.0,M,1.0,Black,0.683673469,True
BM-019,M,0.011494253,0.988505747,B,,0.0,,,,,,0.988636364,0.0,0.0,0.011363636,0.0,M,0.988505747,Black,0.988636364,True
BM-020,M,0.0,1.0,B,,0.023255814,,,,,,0.918604651,0.011627907,0.011627907,0.034883721,0.0,M,1.0,Black,0.918604651,True
BM-021,M,0.0,1.0,B,,0.0,,,,,,0.978947368,0.010526316,0.0,0.010526316,0.0,M,1.0,Black,0.978947368,True
BM-022,M,0.0,1.0,B,,0.0,,,,,,1.0,0.0,0.0,0.0,0.0,M,1.0,Black,1.0,True
BM-023,M,0.063829787,0.936170213,B,,0.0,,,,,,0.978723404,0.0,0.010638298,0.0,0.010638298,M,0.936170213,Black,0.978723404,True
BM-024,M,0.010416667,0.989583333,B,,0.0,,,,,,0.625,0.135416667,0.104166667,0.125,0.010416667,M,0.989583333,Black,0.625,True
BM-025,M,0.010638298,0.989361702,B,,0.0,,,,,,0.979166667,0.010416667,0.0,0.010416667,0.0,M,0.989361702,Black,0.979166667,True
BM-026,M,0.0,1.0,B,,0.0,,,,,,0.967741935,0.021505376,0.0,0.010752688,0.0,M,1.0,Black,0.967741935,True
BM-027,M,0.0,1.0,B,,0.037037037,,,,,,0.037037037,0.259259259,0.37037037,0.296296296,0.0,M,1.0,Multiracial,0.37037037,True
BM-028,M,0.010638298,0.989361702,B,,0.021276596,,,,,,0.882978723,0.0,0.021276596,0.074468085,0.0,M,0.989361702,Black,0.882978723,True
BM-029,M,0.0,1.0,B,,0.0,,,,,,0.978021978,0.0,0.0,0.021978022,0.0,M,1.0,Black,0.978021978,True
BM-030,M,0.010416667,0.989583333,B,,0.020833333,,,,,,0.833333333,0.09375,0.020833333,0.03125,0.0,M,0.989583333,Black,0.833333333,True
BM-031,M,0.02247191,0.97752809,B,,0.022727273,,,,,,0.193181818,0.534090909,0.147727273,0.102272727,0.0,M,0.97752809,Latino,0.534090909,True
BM-032,M,0.0,1.0,B,,0.0,,,,,,0.988636364,0.011363636,0.0,0.0,0.0,M,1.0,Black,0.988636364,True
BM-033,M,0.0,1.0,B,,0.0,,,,,,0.927835052,0.051546392,0.010309278,0.010309278,0.0,M,1.0,Black,0.927835052,True
BM-034,M,0.021978022,0.978021978,B,,0.0,,,,,,0.956043956,0.010989011,0.010989011,0.021978022,0.0,M,0.978021978,Black,0.956043956,True
BM-036,M,0.023255814,0.976744186,B,,0.0,,,,,,1.0,0.0,0.0,0.0,0.0,M,0.976744186,Black,1.0,True
BM-037,M,0.0,1.0,B,,0.0,,,,,,0.966666667,0.022222222,0.0,0.0,0.011111111,M,1.0,Black,0.966666667,True
BM-038,M,0.02247191,0.97752809,B,,0.0,,,,,,0.97752809,0.0,0.0,0.011235955,0.011235955,M,0.97752809,Black,0.97752809,True
BM-039,M,0.0,1.0,B,,0.0,,,,,,0.989247312,0.0,0.0,0.010752688,0.0,M,1.0,Black,0.989247312,True
BM-040,M,0.011904762,0.988095238,B,,0.0,,,,,,0.939759036,0.0,0.012048193,0.036144578,0.012048193,M,0.988095238,Black,0.939759036,True
BM-041,M,0.0,1.0,B,,0.0,,,,,,0.964705882,0.011764706,0.011764706,0.011764706,0.0,M,1.0,Black,0.964705882,True
BM-043,M,0.0,1.0,B,,0.0,,,,,,0.93258427,0.033707865,0.033707865,0.0,0.0,M,1.0,Black,0.93258427,True
BM-044,M,0.0,1.0,B,,0.097826087,,,,,,0.076086957,0.369565217,0.065217391,0.358695652,0.032608696,M,1.0,Latino,0.369565217,True
BM-045,M,0.0,1.0,B,,0.0,,,,,,1.0,0.0,0.0,0.0,0.0,M,1.0,Black,1.0,True
BM-046,M,0.011235955,0.988764045,B,,0.0,,,,,,0.921348315,0.0,0.011235955,0.06741573,0.0,M,0.988764045,Black,0.921348315,True
BM-200,M,0.0,1.0,B,,0.0,,,,,,1.0,0.0,0.0,0.0,0.0,M,1.0,Black,1.0,True
BM-201,M,0.0,1.0,B,,0.0,,,,,,0.961538462,0.0,0.038461538,0.0,0.0,M,1.0,Black,0.961538462,True
BM-202,M,0.037037037,0.962962963,B,,0.0,,,,,,0.962962963,0.037037037,0.0,0.0,0.0,M,0.962962963,Black,0.962962963,True
BM-203,M,0.0,1.0,B,,0.038461538,,,,,,0.961538462,0.0,0.0,0.0,0.0,M,1.0,Black,0.961538462,True
BM-204,M,0.0,1.0,B,,0.0,,,,,,0.103448276,0.068965517,0.689655172,0.103448276,0.034482759,M,1.0,Multiracial,0.689655172,True
BM-205,M,0.0,1.0,B,,0.0,,,,,,1.0,0.0,0.0,0.0,0.0,M,1.0,Black,1.0,True
BM-206,M,0.0,1.0,B,,0.037037037,,,,,,0.666666667,0.074074074,0.185185185,0.0,0.037037037,M,1.0,Black,0.666666667,True
BM-207,M,0.0,1.0,B,,0.0,,,,,,0.964285714,0.035714286,0.0,0.0,0.0,M,1.0,Black,0.964285714,True
BM-208,M,0.0,1.0,B,,0.0,,,,,,0.666666667,0.066666667,0.266666667,0.0,0.0,M,1.0,Black,0.666666667,True
BM-209,M,0.0,1.0,B,,0.0,,,,,,0.785714286,0.035714286,0.142857143,0.035714286,0.0,M,1.0,Black,0.785714286,True
BM-210,M,0.0,1.0,B,,0.0,,,,,,1.0,0.0,0.0,0.0,0.0,M,1.0,Black,1.0,True
BM-211,M,0.0,1.0,B,,0.0,,,,,,0.740740741,0.0,0.259259259,0.0,0.0,M,1.0,Black,0.740740741,True
BM-212,M,0.0,1.0,B,,0.0,,,,,,0.130434783,0.217391304,0.565217391,0.086956522,0.0,M,1.0,Multiracial,0.565217391,True
BM-213,M,0.0,1.0,B,,0.0,,,,,,1.0,0.0,0.0,0.0,0.0,M,1.0,Black,1.0,True
BM-214,M,0.0,1.0,B,,0.0,,,,,,0.962962963,0.0,0.037037037,0.0,0.0,M,1.0,Black,0.962962963,True
BM-215,M,0.0,1.0,B,,0.0,,,,,,0.961538462,0.0,0.038461538,0.0,0.0,M,1.0,Black,0.961538462,True
BM-216,M,0.074074074,0.925925926,B,,0.0,,,,,,0.962962963,0.037037037,0.0,0.0,0.0,M,0.925925926,Black,0.962962963,True
BM-217,M,0.0,1.0,B,,0.0,,,,,,0.965517241,0.0,0.034482759,0.0,0.0,M,1.0,Black,0.965517241,True
BM-218,M,0.0,1.0,B,,0.0,,,,,,0.740740741,0.0,0.259259259,0.0,0.0,M,1.0,Black,0.740740741,True
BM-219,M,0.0,1.0,B,,0.0,,,,,,0.111111111,0.185185185,0.703703704,0.0,0.0,M,1.0,Multiracial,0.703703704,True
BM-221,M,0.0,1.0,B,,0.0,,,,,,0.083333333,0.166666667,0.583333333,0.125,0.041666667,M,1.0,Multiracial,0.583333333,True
BM-222,M,0.0,1.0,B,,0.0,,,,,,0.379310345,0.344827586,0.275862069,0.0,0.0,M,1.0,Black,0.379310345,True
BM-223,M,0.0,1.0,B,,0.0,,,,,,1.0,0.0,0.0,0.0,0.0,M,1.0,Black,1.0,True
BM-224,M,0.0,1.0,B,,0.034482759,,,,,,0.586206897,0.103448276,0.275862069,0.0,0.0,M,1.0,Black,0.586206897,True
BM-225,M,0.0,1.0,B,,0.0,,,,,,0.964285714,0.0,0.035714286,0.0,0.0,M,1.0,Black,0.964285714,True
BM-226,M,0.0,1.0,B,,0.0,,,,,,1.0,0.0,0.0,0.0,0.0,M,1.0,Black,1.0,True
BM-227,M,0.0,1.0,B,,0.0,,,,,,1.0,0.0,0.0,0.0,0.0,M,1.0,Black,1.0,True
BM-228,M,0.0,1.0,B,,0.0,,,,,,0.692307692,0.115384615,0.192307692,0.0,0.0,M,1.0,Black,0.692307692,True
BM-229,M,0.0,1.0,B,,0.0,,,,,,1.0,0.0,0.0,0.0,0.0,M,1.0,Black,1.0,True
BM-230,M,0.0,1.0,B,,0.0,,,,,,0.64,0.0,0.32,0.0,0.04,M,1.0,Black,0.64,True
BM-231,M,0.038461538,0.961538462,B,,0.0,,,,,,0.884615385,0.0,0.115384615,0.0,0.0,M,0.961538462,Black,0.884615385,True
BM-232,M,0.0,1.0,B,,0.0,,,,,,0.96,0.0,0.04,0.0,0.0,M,1.0,Black,0.96,True
BM-233,M,0.0,1.0,B,,0.0,,,,,,1.0,0.0,0.0,0.0,0.0,M,1.0,Black,1.0,True
BM-234,M,0.037037037,0.962962963,B,,0.0,,,,,,0.074074074,0.444444444,0.296296296,0.037037037,0.148148148,M,0.962962963,Latino,0.444444444,True
BM-235,M,0.0,1.0,B,,0.0,,,,,,0.689655172,0.034482759,0.24137931,0.034482759,0.0,M,1.0,Black,0.689655172,True
BM-236,M,0.0,1.0,B,,0.0,,,,,,1.0,0.0,0.0,0.0,0.0,M,1.0,Black,1.0,True
BM-237,M,0.0,1.0,B,,0.0,,,,,,0.923076923,0.0,0.076923077,0.0,0.0,M,1.0,Black,0.923076923,True
BM-238,M,0.0,1.0,B,,0.0,,,,,,0.925925926,0.0,0.074074074,0.0,0.0,M,1.0,Black,0.925925926,True
BM-239,M,0.0,1.0,B,,0.0,,,,,,0.730769231,0.038461538,0.230769231,0.0,0.0,M,1.0,Black,0.730769231,True
BM-240,M,0.0,1.0,B,,0.0,,,,,,1.0,0.0,0.0,0.0,0.0,M,1.0,Black,1.0,True
BM-241,M,0.0,1.0,B,,0.0,,,,,,0.961538462,0.038461538,0.0,0.0,0.0,M,1.0,Black,0.961538462,True
BM-242,M,0.0,1.0,B,,0.0,,,,,,1.0,0.0,0.0,0.0,0.0,M,1.0,Black,1.0,True
BM-243,M,0.0,1.0,B,,0.0,,,,,,0.875,0.0,0.125,0.0,0.0,M,1.0,Black,0.875,True
BM-244,M,0.0,1.0,B,,0.0,,,,,,0.956521739,0.0,0.043478261,0.0,0.0,M,1.0,Black,0.956521739,True
BM-245,M,0.0,1.0,B,,0.0,,,,,,0.956521739,0.0,0.0,0.0,0.043478261,M,1.0,Black,0.956521739,True
BM-246,M,0.0,1.0,B,,0.0,,,,,,0.958333333,0.041666667,0.0,0.0,0.0,M,1.0,Black,0.958333333,True
BM-247,M,0.0,1.0,B,,0.0,,,,,,1.0,0.0,0.0,0.0,0.0,M,1.0,Black,1.0,True
BM-248,M,0.0,1.0,B,,0.0,,,,,,0.692307692,0.038461538,0.269230769,0.0,0.0,M,1.0,Black,0.692307692,True
BM-249,M,0.0,1.0,B,,0.0,,,,,,1.0,0.0,0.0,0.0,0.0,M,1.0,Black,1.0,True
BM-250,M,0.0,1.0,B,,0.034482759,,,,,,0.965517241,0.0,0.0,0.0,0.0,M,1.0,Black,0.965517241,True
BM-251,M,0.0,1.0,B,,0.0,,,,,,1.0,0.0,0.0,0.0,0.0,M,1.0,Black,1.0,True
BM-252,M,0.0,1.0,B,,0.0,,,,,,0.961538462,0.0,0.038461538,0.0,0.0,M,1.0,Black,0.961538462,True
BM-253,M,0.125,0.875,B,,0.0,,,,,,0.916666667,0.0,0.083333333,0.0,0.0,M,0.875,Black,0.916666667,True
LF-200,F,1.0,0.0,L,,0.0,,,,,,0.0,0.375,0.458333333,0.041666667,0.125,F,1.0,Multiracial,0.458333333,True
LF-201,F,1.0,0.0,L,,0.04,,,,,,0.0,0.44,0.04,0.04,0.44,F,1.0,Latino,0.44,True
LF-202,F,1.0,0.0,L,,0.0,,,,,,0.0,0.481481481,0.148148148,0.037037037,0.333333333,F,1.0,Latino,0.481481481,True
LF-203,F,1.0,0.0,L,,0.5,,,,,,0.0,0.230769231,0.269230769,0.0,0.0,F,1.0,Asian,0.5,True
LF-204,F,1.0,0.0,L,,0.0,,,,,,0.0,0.888888889,0.037037037,0.0,0.074074074,F,1.0,Latino,0.888888889,True
LF-205,F,1.0,0.0,L,,0.25,,,,,,0.0,0.464285714,0.285714286,0.0,0.0,F,1.0,Latino,0.464285714,True
LF-206,F,1.0,0.0,L,,0.076923077,,,,,,0.0,0.307692308,0.192307692,0.038461538,0.384615385,F,1.0,White,0.384615385,True
LF-207,F,0.964285714,0.035714286,L,,0.0,,,,,,0.035714286,0.392857143,0.25,0.321428571,0.0,F,0.964285714,Latino,0.392857143,True
LF-208,F,1.0,0.0,L,,0.035714286,,,,,,0.0,0.607142857,0.035714286,0.107142857,0.214285714,F,1.0,Latino,0.607142857,True
LF-209,F,1.0,0.0,L,,0.0,,,,,,0.0,0.923076923,0.076923077,0.0,0.0,F,1.0,Latino,0.923076923,True
LF-210,F,1.0,0.0,L,,0.038461538,,,,,,0.0,0.423076923,0.076923077,0.0,0.461538462,F,1.0,White,0.461538462,True
LF-211,F,0.961538462,0.038461538,L,,0.076923077,,,,,,0.0,0.230769231,0.192307692,0.0,0.5,F,0.961538462,White,0.5,True
LF-212,F,1.0,0.0,L,,0.111111111,,,,,,0.0,0.814814815,0.037037037,0.037037037,0.0,F,1.0,Latino,0.814814815,True
LF-213,F,1.0,0.0,L,,0.04,,,,,,0.0,0.56,0.16,0.12,0.12,F,1.0,Latino,0.56,True
LF-214,F,1.0,0.0,L,,0.0,,,,,,0.0,1.0,0.0,0.0,0.0,F,1.0,Latino,1.0,True
LF-215,F,1.0,0.0,L,,0.0,,,,,,0.033333333,0.8,0.133333333,0.0,0.033333333,F,1.0,Latino,0.8,True
LF-216,F,1.0,0.0,L,,0.04,,,,,,0.0,0.68,0.12,0.0,0.16,F,1.0,Latino,0.68,True
LF-217,F,1.0,0.0,L,,0.0,,,,,,0.0,0.7,0.166666667,0.0,0.133333333,F,1.0,Latino,0.7,True
LF-218,F,1.0,0.0,L,,0.033333333,,,,,,0.0,0.466666667,0.233333333,0.0,0.266666667,F,1.0,Latino,0.466666667,True
LF-219,F,0.961538462,0.038461538,L,,0.346153846,,,,,,0.0,0.423076923,0.192307692,0.0,0.038461538,F,0.961538462,Latino,0.423076923,True
LF-220,F,1.0,0.0,L,,0.04,,,,,,0.0,0.84,0.04,0.0,0.08,F,1.0,Latino,0.84,True
LF-221,F,1.0,0.0,L,,0.0,,,,,,0.0,0.846153846,0.076923077,0.038461538,0.038461538,F,1.0,Latino,0.846153846,True
LF-222,F,1.0,0.0,L,,0.038461538,,,,,,0.0,0.615384615,0.192307692,0.0,0.153846154,F,1.0,Latino,0.615384615,True
LF-223,F,1.0,0.0,L,,0.230769231,,,,,,0.0,0.461538462,0.230769231,0.0,0.076923077,F,1.0,Latino,0.461538462,True
LF-224,F,1.0,0.0,L,,0.086956522,,,,,,0.0,0.52173913,0.217391304,0.0,0.173913043,F,1.0,Latino,0.52173913,True
LF-225,F,1.0,0.0,L,,0.0,,,,,,0.0,0.458333333,0.291666667,0.0,0.25,F,1.0,Latino,0.458333333,True
LF-226,F,1.0,0.0,L,,0.038461538,,,,,,0.0,0.769230769,0.076923077,0.038461538,0.076923077,F,1.0,Latino,0.769230769,True
LF-227,F,1.0,0.0,L,,0.037037037,,,,,,0.0,0.555555556,0.296296296,0.074074074,0.037037037,F,1.0,Latino,0.555555556,True
LF-228,F,1.0,0.0,L,,0.24137931,,,,,,0.0,0.448275862,0.275862069,0.034482759,0.0,F,1.0,Latino,0.448275862,True
LF-229,F,0.913043478,0.086956522,L,,0.0,,,,,,0.0,0.434782609,0.304347826,0.0,0.260869565,F,0.913043478,Latino,0.434782609,True
LF-230,F,1.0,0.0,L,,0.037037037,,,,,,0.0,0.037037037,0.037037037,0.0,0.888888889,F,1.0,White,0.888888889,True
LF-231,F,1.0,0.0,L,,0.076923077,,,,,,0.0,0.769230769,0.115384615,0.038461538,0.0,F,1.0,Latino,0.769230769,True
LF-232,F,1.0,0.0,L,,0.538461538,,,,,,0.0,0.307692308,0.076923077,0.076923077,0.0,F,1.0,Asian,0.538461538,True
LF-233,F,1.0,0.0,L,,0.0,,,,,,0.0,0.16,0.0,0.0,0.84,F,1.0,White,0.84,True
LF-234,F,0.961538462,0.038461538,L,,0.423076923,,,,,,0.0,0.5,0.076923077,0.0,0.0,F,0.961538462,Latino,0.5,True
LF-235,F,1.0,0.0,L,,0.115384615,,,,,,0.0,0.538461538,0.307692308,0.0,0.038461538,F,1.0,Latino,0.538461538,True
LF-236,F,1.0,0.0,L,,0.08,,,,,,0.0,0.32,0.52,0.08,0.0,F,1.0,Multiracial,0.52,True
LF-237,F,1.0,0.0,L,,0.0,,,,,,0.0,0.357142857,0.142857143,0.0,0.5,F,1.0,White,0.5,True
LF-238,F,1.0,0.0,L,,0.0,,,,,,0.0,0.733333333,0.0,0.0,0.266666667,F,1.0,Latino,0.733333333,True
LF-239,F,1.0,0.0,L,,0.096774194,,,,,,0.0,0.677419355,0.225806452,0.0,0.0,F,1.0,Latino,0.677419355,True
LF-240,F,1.0,0.0,L,,0.034482759,,,,,,0.0,0.655172414,0.068965517,0.103448276,0.137931034,F,1.0,Latino,0.655172414,True
LF-241,F,1.0,0.0,L,,0.0,,,,,,0.111111111,0.37037037,0.518518519,0.0,0.0,F,1.0,Multiracial,0.518518519,True
LF-242,F,1.0,0.0,L,,0.074074074,,,,,,0.0,0.666666667,0.259259259,0.0,0.0,F,1.0,Latino,0.666666667,True
LF-243,F,1.0,0.0,L,,0.076923077,,,,,,0.0,0.307692308,0.423076923,0.038461538,0.153846154,F,1.0,Multiracial,0.423076923,True
LF-244,F,1.0,0.0,L,,0.192307692,,,,,,0.038461538,0.5,0.192307692,0.076923077,0.0,F,1.0,Latino,0.5,True
LF-245,F,0.965517241,0.034482759,L,,0.034482759,,,,,,0.034482759,0.689655172,0.24137931,0.0,0.0,F,0.965517241,Latino,0.689655172,True
LF-246,F,1.0,0.0,L,,0.037037037,,,,,,0.0,0.592592593,0.074074074,0.0,0.296296296,F,1.0,Latino,0.592592593,True
LF-247,F,1.0,0.0,L,,0.035714286,,,,,,0.0,0.285714286,0.071428571,0.0,0.607142857,F,1.0,White,0.607142857,True
LF-248,F,1.0,0.0,L,,0.0,,,,,,0.0,0.208333333,0.083333333,0.041666667,0.666666667,F,1.0,White,0.666666667,True
LF-249,F,1.0,0.0,L,,0.068965517,,,,,,0.0,0.551724138,0.137931034,0.068965517,0.172413793,F,1.0,Latino,0.551724138,True
LF-250,F,1.0,0.0,L,,0.115384615,,,,,,0.0,0.5,0.307692308,0.038461538,0.038461538,F,1.0,Latino,0.5,True
LF-251,F,1.0,0.0,L,,0.074074074,,,,,,0.0,0.703703704,0.148148148,0.074074074,0.0,F,1.0,Latino,0.703703704,True
LF-252,F,0.962962963,0.037037037,L,,0.0,,,,,,0.0,0.851851852,0.074074074,0.037037037,0.037037037,F,0.962962963,Latino,0.851851852,True
LF-253,F,1.0,0.0,L,,0.076923077,,,,,,0.115384615,0.461538462,0.346153846,0.0,0.0,F,1.0,Latino,0.461538462,True
LF-254,F,1.0,0.0,L,,0.0,,,,,,0.0,0.75,0.041666667,0.041666667,0.166666667,F,1.0,Latino,0.75,True
LF-255,F,1.0,0.0,L,,0.0,,,,,,0.0,0.846153846,0.115384615,0.0,0.038461538,F,1.0,Latino,0.846153846,True
LM-200,M,0.0,1.0,L,,0.0,,,,,,0.0,0.068965517,0.137931034,0.0,0.793103448,M,1.0,White,0.793103448,True
LM-201,M,0.0,1.0,L,,0.035714286,,,,,,0.0,0.071428571,0.035714286,0.071428571,0.785714286,M,1.0,White,0.785714286,True
LM-202,M,0.0,1.0,L,,0.0,,,,,,0.230769231,0.538461538,0.192307692,0.038461538,0.0,M,1.0,Latino,0.538461538,True
LM-203,M,0.0,1.0,L,,0.0,,,,,,0.0,0.272727273,0.272727273,0.0,0.454545455,M,1.0,White,0.454545455,True
LM-204,M,0.0,1.0,L,,0.0,,,,,,0.0,0.034482759,0.0,0.0,0.965517241,M,1.0,White,0.965517241,True
LM-206,M,0.0,1.0,L,,0.041666667,,,,,,0.0,0.458333333,0.208333333,0.0,0.291666667,M,1.0,Latino,0.458333333,True
LM-207,M,0.0,1.0,L,,0.033333333,,,,,,0.0,0.7,0.133333333,0.0,0.133333333,M,1.0,Latino,0.7,True
LM-208,M,0.0,1.0,L,,0.0,,,,,,0.0,0.0,0.0,0.0,1.0,M,1.0,White,1.0,True
LM-209,M,0.0,1.0,L,,0.357142857,,,,,,0.0,0.321428571,0.107142857,0.0,0.214285714,M,1.0,Asian,0.357142857,True
LM-210,M,0.0,1.0,L,,0.0,,,,,,0.0,0.888888889,0.037037037,0.0,0.074074074,M,1.0,Latino,0.888888889,True
LM-211,M,0.0,1.0,L,,0.071428571,,,,,,0.0,0.571428571,0.142857143,0.0,0.214285714,M,1.0,Latino,0.571428571,True
LM-212,M,0.0,1.0,L,,0.0,,,,,,0.0,0.44,0.2,0.0,0.36,M,1.0,Latino,0.44,True
LM-213,M,0.0,1.0,L,,0.083333333,,,,,,0.0,0.833333333,0.083333333,0.0,0.0,M,1.0,Latino,0.833333333,True
LM-214,M,0.0,1.0,L,,0.178571429,,,,,,0.0,0.357142857,0.321428571,0.071428571,0.071428571,M,1.0,Latino,0.357142857,True
LM-215,M,0.0,1.0,L,,0.0,,,,,,0.0,0.076923077,0.115384615,0.076923077,0.730769231,M,1.0,White,0.730769231,True
LM-216,M,0.037037037,0.962962963,L,,0.111111111,,,,,,0.0,0.555555556,0.185185185,0.111111111,0.037037037,M,0.962962963,Latino,0.555555556,True
LM-217,M,0.0,1.0,L,,0.0,,,,,,0.0,0.56,0.12,0.04,0.28,M,1.0,Latino,0.56,True
LM-218,M,0.0,1.0,L,,0.0,,,,,,0.0,0.666666667,0.296296296,0.0,0.037037037,M,1.0,Latino,0.666666667,True
LM-219,M,0.0,1.0,L,,0.111111111,,,,,,0.0,0.518518519,0.333333333,0.0,0.037037037,M,1.0,Latino,0.518518519,True
LM-220,M,0.0,1.0,L,,0.0,,,,,,0.0,0.107142857,0.321428571,0.392857143,0.178571429,M,1.0,Other,0.392857143,True
LM-221,M,0.0,1.0,L,,0.0,,,,,,0.0,0.518518519,0.185185185,0.037037037,0.259259259,M,1.0,Latino,0.518518519,True
LM-222,M,0.0,1.0,L,,0.0,,,,,,0.0,0.25,0.083333333,0.041666667,0.625,M,1.0,White,0.625,True
LM-223,M,0.0,1.0,L,,0.107142857,,,,,,0.035714286,0.607142857,0.035714286,0.214285714,0.0,M,1.0,Latino,0.607142857,True
LM-224,M,0.0,1.0,L,,0.0,,,,,,0.068965517,0.0,0.896551724,0.034482759,0.0,M,1.0,Multiracial,0.896551724,True
LM-225,M,0.0,1.0,L,,0.076923077,,,,,,0.0,0.730769231,0.115384615,0.076923077,0.0,M,1.0,Latino,0.730769231,True
LM-226,M,0.0,1.0,L,,0.0,,,,,,0.0,0.52173913,0.130434783,0.086956522,0.260869565,M,1.0,Latino,0.52173913,True
LM-227,M,0.0,1.0,L,,0.068965517,,,,,,0.0,0.655172414,0.0,0.137931034,0.137931034,M,1.0,Latino,0.655172414,True
LM-228,M,0.035714286,0.964285714,L,,0.0,,,,,,0.0,0.428571429,0.107142857,0.071428571,0.392857143,M,0.964285714,Latino,0.428571429,True
LM-229,M,0.0,1.0,L,,0.0,,,,,,0.0,0.88,0.08,0.0,0.04,M,1.0,Latino,0.88,True
LM-230,M,0.0,1.0,L,,0.037037037,,,,,,0.0,0.814814815,0.111111111,0.037037037,0.0,M,1.0,Latino,0.814814815,True
LM-231,M,0.0,1.0,L,,0.0,,,,,,0.0,0.28,0.32,0.04,0.36,M,1.0,White,0.36,True
LM-232,M,0.0,1.0,L,,0.0,,,,,,0.0,0.923076923,0.0,0.038461538,0.038461538,M,1.0,Latino,0.923076923,True
LM-233,M,0.0,1.0,L,,0.0,,,,,,0.0,0.576923077,0.153846154,0.153846154,0.115384615,M,1.0,Latino,0.576923077,True
LM-234,M,0.0,1.0,L,,0.285714286,,,,,,0.0,0.321428571,0.25,0.107142857,0.035714286,M,1.0,Latino,0.321428571,True
LM-235,M,0.034482759,0.965517241,L,,0.0,,,,,,0.0,0.586206897,0.206896552,0.0,0.206896552,M,0.965517241,Latino,0.586206897,True
LM-236,M,0.0,1.0,L,,0.0,,,,,,0.0,0.285714286,0.0,0.071428571,0.642857143,M,1.0,White,0.642857143,True
LM-237,M,0.0,1.0,L,,0.0,,,,,,0.0,0.090909091,0.045454545,0.0,0.863636364,M,1.0,White,0.863636364,True
LM-238,M,0.0,1.0,L,,0.04,,,,,,0.0,0.6,0.24,0.0,0.12,M,1.0,Latino,0.6,True
LM-239,M,0.0,1.0,L,,0.076923077,,,,,,0.0,0.807692308,0.038461538,0.038461538,0.038461538,M,1.0,Latino,0.807692308,True
LM-240,M,0.0,1.0,L,,0.0,,,,,,0.041666667,0.208333333,0.666666667,0.0,0.083333333,M,1.0,Multiracial,0.666666667,True
LM-241,M,0.0,1.0,L,,0.333333333,,,,,,0.0,0.476190476,0.142857143,0.0,0.047619048,M,1.0,Latino,0.476190476,True
LM-242,M,0.0,1.0,L,,0.076923077,,,,,,0.0,0.576923077,0.192307692,0.153846154,0.0,M,1.0,Latino,0.576923077,True
LM-243,M,0.0,1.0,L,,0.0,,,,,,0.0,0.928571429,0.071428571,0.0,0.0,M,1.0,Latino,0.928571429,True
LM-244,M,0.0,1.0,L,,0.0,,,,,,0.0,0.0,0.0,0.0,1.0,M,1.0,White,1.0,True
LM-246,M,0.0,1.0,L,,0.0,,,,,,0.0,0.740740741,0.074074074,0.074074074,0.111111111,M,1.0,Latino,0.740740741,True
LM-247,M,0.041666667,0.958333333,L,,0.166666667,,,,,,0.083333333,0.291666667,0.375,0.041666667,0.041666667,M,0.958333333,Multiracial,0.375,True
LM-248,M,0.0,1.0,L,,0.068965517,,,,,,0.0,0.310344828,0.413793103,0.034482759,0.172413793,M,1.0,Multiracial,0.413793103,True
LM-249,M,0.0,1.0,L,,0.041666667,,,,,,0.0,0.75,0.208333333,0.0,0.0,M,1.0,Latino,0.75,True
LM-250,M,0.0,1.0,L,,0.0,,,,,,0.0,0.071428571,0.035714286,0.0,0.892857143,M,1.0,White,0.892857143,True
LM-251,M,0.0,1.0,L,,0.0,,,,,,0.0,0.04,0.04,0.0,0.92,M,1.0,White,0.92,True
LM-252,M,0.0,1.0,L,,0.033333333,,,,,,0.0,0.7,0.1,0.1,0.066666667,M,1.0,Latino,0.7,True
LM-253,M,0.0,1.0,L,,0.043478261,,,,,,0.0,0.260869565,0.086956522,0.130434783,0.47826087,M,1.0,White,0.47826087,True
WF-001,F,0.96969697,0.03030303,W,,0.0,,,,,,0.0,0.0,0.0,0.01010101,0.98989899,F,0.96969697,White,0.98989899,True
WF-002,F,0.968085106,0.031914894,W,,0.0,,,,,,0.0,0.0,0.0,0.010638298,0.989361702,F,0.968085106,White,0.989361702,True
WF-003,F,1.0,0.0,W,,0.0,,,,,,0.0,0.0,0.0,0.010989011,0.989010989,F,1.0,White,0.989010989,True
WF-005,F,1.0,0.0,W,,0.0,,,,,,0.0,0.0,0.0,0.0,1.0,F,1.0,White,1.0,True
WF-006,F,1.0,0.0,W,,0.0,,,,,,0.0,0.042105263,0.010526316,0.010526316,0.936842105,F,1.0,White,0.936842105,True
WF-007,F,0.957446809,0.042553191,W,,0.053763441,,,,,,0.0,0.161290323,0.010752688,0.129032258,0.64516129,F,0.957446809,White,0.64516129,True
WF-008,F,1.0,0.0,W,,0.0,,,,,,0.0,0.0,0.0,0.0,1.0,F,1.0,White,1.0,True
WF-009,F,0.968085106,0.031914894,W,,0.0,,,,,,0.0,0.0,0.010638298,0.0,0.989361702,F,0.968085106,White,0.989361702,True
WF-010,F,0.976470588,0.023529412,W,,0.0,,,,,,0.0,0.011764706,0.0,0.011764706,0.976470588,F,0.976470588,White,0.976470588,True
WF-011,F,0.989361702,0.010638298,W,,0.0,,,,,,0.0,0.0,0.0,0.0,1.0,F,0.989361702,White,1.0,True
WF-012,F,1.0,0.0,W,,0.010416667,,,,,,0.0,0.041666667,0.0,0.010416667,0.9375,F,1.0,White,0.9375,True
WF-013,F,0.989130435,0.010869565,W,,0.0,,,,,,0.010869565,0.032608696,0.010869565,0.0,0.945652174,F,0.989130435,White,0.945652174,True
WF-014,F,0.988888889,0.011111111,W,,0.0,,,,,,0.0,0.0,0.0,0.0,1.0,F,0.988888889,White,1.0,True
WF-015,F,0.989010989,0.010989011,W,,0.0,,,,,,0.0,0.021978022,0.0,0.0,0.978021978,F,0.989010989,White,0.978021978,True
WF-016,F,1.0,0.0,W,,0.0,,,,,,0.0,0.590909091,0.022727273,0.022727273,0.363636364,F,1.0,Latino,0.590909091,True
WF-017,F,1.0,0.0,W,,0.0,,,,,,0.0,0.02247191,0.0,0.02247191,0.95505618,F,1.0,White,0.95505618,True
WF-018,F,1.0,0.0,W,,0.011111111,,,,,,0.0,0.011111111,0.0,0.011111111,0.966666667,F,1.0,White,0.966666667,True
WF-019,F,1.0,0.0,W,,0.0,,,,,,0.0,0.25,0.010869565,0.010869565,0.72826087,F,1.0,White,0.72826087,True
WF-020,F,0.988764045,0.011235955,W,,0.011235955,,,,,,0.0,0.0,0.0,0.011235955,0.97752809,F,0.988764045,White,0.97752809,True
WF-021,F,0.989010989,0.010989011,W,,0.0,,,,,,0.0,0.021978022,0.0,0.010989011,0.967032967,F,0.989010989,White,0.967032967,True
WF-022,F,1.0,0.0,W,,0.0,,,,,,0.0,0.032608696,0.0,0.010869565,0.956521739,F,1.0,White,0.956521739,True
WF-023,F,1.0,0.0,W,,0.021505376,,,,,,0.0,0.086021505,0.021505376,0.021505376,0.849462366,F,1.0,White,0.849462366,True
WF-024,F,1.0,0.0,W,,0.0,,,,,,0.0,0.0,0.0,0.021276596,0.978723404,F,1.0,White,0.978723404,True
WF-025,F,0.989130435,0.010869565,W,,0.0,,,,,,0.0,0.02173913,0.0,0.0,0.97826087,F,0.989130435,White,0.97826087,True
WF-026,F,0.979381443,0.020618557,W,,0.030927835,,,,,,0.0,0.731958763,0.020618557,0.051546392,0.164948454,F,0.979381443,Latino,0.731958763,True
WF-027,F,1.0,0.0,W,,0.0,,,,,,0.0,0.112359551,0.02247191,0.056179775,0.808988764,F,1.0,White,0.808988764,True
WF-028,F,0.989130435,0.010869565,W,,0.0,,,,,,0.010869565,0.0,0.0,0.0,0.989130435,F,0.989130435,White,0.989130435,True
WF-029,F,1.0,0.0,W,,0.0,,,,,,0.0,0.0,0.011627907,0.011627907,0.976744186,F,1.0,White,0.976744186,True
WF-030,F,0.966292135,0.033707865,W,,0.0,,,,,,0.0,0.078651685,0.02247191,0.033707865,0.865168539,F,0.966292135,White,0.865168539,True
WF-031,F,0.988095238,0.011904762,W,,0.0,,,,,,0.0,0.023529412,0.0,0.0,0.976470588,F,0.988095238,White,0.976470588,True
WF-033,F,1.0,0.0,W,,0.0,,,,,,0.0,0.01010101,0.0,0.0,0.98989899,F,1.0,White,0.98989899,True
WF-034,F,0.913043478,0.086956522,W,,0.0,,,,,,0.0,0.23655914,0.053763441,0.193548387,0.516129032,F,0.913043478,White,0.516129032,True
WF-035,F,0.977011494,0.022988506,W,,0.0,,,,,,0.0,0.045454545,0.0,0.011363636,0.943181818,F,0.977011494,White,0.943181818,True
WF-036,F,0.988888889,0.011111111,W,,0.0,,,,,,0.0,0.0,0.0,0.0,1.0,F,0.988888889,White,1.0,True
WF-037,F,0.979166667,0.020833333,W,,0.020833333,,,,,,0.0,0.25,0.041666667,0.0625,0.625,F,0.979166667,White,0.625,True
WF-038,F,1.0,0.0,W,,0.0,,,,,,0.0,0.0,0.0,0.0,1.0,F,1.0,White,1.0,True
WF-039,F,1.0,0.0,W,,0.0,,,,,,0.010416667,0.0625,0.020833333,0.0,0.90625,F,1.0,White,0.90625,True
WF-200,F,1.0,0.0,W,,0.08,,,,,,0.0,0.44,0.08,0.12,0.28,F,1.0,Latino,0.44,True
WF-201,F,0.909090909,0.090909091,W,,0.045454545,,,,,,0.0,0.045454545,0.045454545,0.0,0.863636364,F,0.909090909,White,0.863636364,True
WF-202,F,1.0,0.0,W,,0.0,,,,,,0.0,0.103448276,0.068965517,0.0,0.827586207,F,1.0,White,0.827586207,True
WF-203,F,1.0,0.0,W,,0.0,,,,,,0.0,0.444444444,0.074074074,0.037037037,0.444444444,F,1.0,Latino,0.444444444,True
WF-204,F,1.0,0.0,W,,0.0,,,,,,0.0,0.071428571,0.0,0.0,0.928571429,F,1.0,White,0.928571429,True
WF-205,F,1.0,0.0,W,,0.0,,,,,,0.0,0.0,0.0,0.0,1.0,F,1.0,White,1.0,True
WF-206,F,1.0,0.0,W,,0.0,,,,,,0.0,0.103448276,0.172413793,0.0,0.724137931,F,1.0,White,0.724137931,True
WF-207,F,1.0,0.0,W,,0.0,,,,,,0.0,0.0,0.0,0.0,1.0,F,1.0,White,1.0,True
WF-208,F,0.962962963,0.037037037,W,,0.0,,,,,,0.0,0.0,0.0,0.0,1.0,F,0.962962963,White,1.0,True
WF-209,F,0.965517241,0.034482759,W,,0.0,,,,,,0.0,0.0,0.034482759,0.0,0.965517241,F,0.965517241,White,0.965517241,True
WF-210,F,0.923076923,0.076923077,W,,0.0,,,,,,0.0,0.0,0.0,0.0,1.0,F,0.923076923,White,1.0,True
WF-211,F,1.0,0.0,W,,0.0,,,,,,0.0,0.034482759,0.034482759,0.0,0.931034483,F,1.0,White,0.931034483,True
WF-212,F,1.0,0.0,W,,0.0,,,,,,0.0,0.0,0.0,0.0,1.0,F,1.0,White,1.0,True
WF-213,F,1.0,0.0,W,,0.0,,,,,,0.0,0.0,0.0,0.0,1.0,F,1.0,White,1.0,True
WF-214,F,0.965517241,0.034482759,W,,0.0,,,,,,0.0,0.0,0.0,0.0,1.0,F,0.965517241,White,1.0,True
WF-215,F,1.0,0.0,W,,0.0,,,,,,0.0,0.04,0.04,0.0,0.92,F,1.0,White,0.92,True
WF-216,F,1.0,0.0,W,,0.0,,,,,,0.0,0.115384615,0.038461538,0.0,0.846153846,F,1.0,White,0.846153846,True
WF-217,F,1.0,0.0,W,,0.0,,,,,,0.0,0.04,0.0,0.0,0.96,F,1.0,White,0.96,True
WF-218,F,1.0,0.0,W,,0.0,,,,,,0.0,0.0,0.0,0.0,1.0,F,1.0,White,1.0,True
WF-219,F,1.0,0.0,W,,0.0,,,,,,0.0,0.076923077,0.0,0.0,0.923076923,F,1.0,White,0.923076923,True
WF-220,F,1.0,0.0,W,,0.0,,,,,,0.0,0.0,0.035714286,0.0,0.964285714,F,1.0,White,0.964285714,True
WF-221,F,0.964285714,0.035714286,W,,0.0,,,,,,0.0,0.142857143,0.0,0.0,0.857142857,F,0.964285714,White,0.857142857,True
WF-222,F,1.0,0.0,W,,0.033333333,,,,,,0.0,0.1,0.066666667,0.0,0.8,F,1.0,White,0.8,True
WF-223,F,1.0,0.0,W,,0.0,,,,,,0.0,0.0,0.038461538,0.0,0.961538462,F,1.0,White,0.961538462,True
WF-224,F,1.0,0.0,W,,0.0,,,,,,0.0,0.0,0.0,0.0,1.0,F,1.0,White,1.0,True
WF-225,F,1.0,0.0,W,,0.0,,,,,,0.0,0.0,0.0,0.037037037,0.962962963,F,1.0,White,0.962962963,True
WF-226,F,1.0,0.0,W,,0.0,,,,,,0.0,0.095238095,0.0,0.047619048,0.857142857,F,1.0,White,0.857142857,True
WF-227,F,1.0,0.0,W,,0.0,,,,,,0.0,0.0,0.038461538,0.038461538,0.923076923,F,1.0,White,0.923076923,True
WF-228,F,1.0,0.0,W,,0.038461538,,,,,,0.0,0.0,0.0,0.0,0.961538462,F,1.0,White,0.961538462,True
WF-229,F,0.96,0.04,W,,0.0,,,,,,0.0,0.04,0.16,0.0,0.8,F,0.96,White,0.8,True
WF-230,F,1.0,0.0,W,,0.0,,,,,,0.0,0.0,0.0,0.0,1.0,F,1.0,White,1.0,True
WF-231,F,1.0,0.0,W,,0.0,,,,,,0.0,0.0,0.0,0.0,1.0,F,1.0,White,1.0,True
WF-232,F,1.0,0.0,W,,0.0,,,,,,0.0,0.034482759,0.034482759,0.0,0.931034483,F,1.0,White,0.931034483,True
WF-233,F,1.0,0.0,W,,0.0,,,,,,0.0,0.0,0.0,0.0,1.0,F,1.0,White,1.0,True
WF-234,F,1.0,0.0,W,,0.0,,,,,,0.0,0.0,0.0,0.0,1.0,F,1.0,White,1.0,True
WF-235,F,1.0,0.0,W,,0.0,,,,,,0.0,0.16,0.2,0.08,0.56,F,1.0,White,0.56,True
WF-236,F,1.0,0.0,W,,0.0,,,,,,0.0,0.08,0.16,0.04,0.72,F,1.0,White,0.72,True
WF-237,F,0.961538462,0.038461538,W,,0.0,,,,,,0.0,0.0,0.0,0.0,1.0,F,0.961538462,White,1.0,True
WF-238,F,1.0,0.0,W,,0.0,,,,,,0.0,0.04,0.12,0.0,0.84,F,1.0,White,0.84,True
WF-239,F,1.0,0.0,W,,0.0,,,,,,0.0,0.0,0.041666667,0.041666667,0.916666667,F,1.0,White,0.916666667,True
WF-240,F,1.0,0.0,W,,0.0,,,,,,0.0,0.620689655,0.206896552,0.034482759,0.137931034,F,1.0,Latino,0.620689655,True
WF-241,F,1.0,0.0,W,,0.0,,,,,,0.0,0.2,0.08,0.0,0.72,F,1.0,White,0.72,True
WF-242,F,0.964285714,0.035714286,W,,0.071428571,,,,,,0.0,0.0,0.0,0.071428571,0.857142857,F,0.964285714,White,0.857142857,True
WF-243,F,1.0,0.0,W,,0.0,,,,,,0.0,0.0,0.0,0.0,1.0,F,1.0,White,1.0,True
WF-244,F,1.0,0.0,W,,0.0,,,,,,0.0,0.0,0.0,0.0,1.0,F,1.0,White,1.0,True
WF-245,F,1.0,0.0,W,,0.0,,,,,,0.035714286,0.0,0.178571429,0.0,0.785714286,F,1.0,White,0.785714286,True
WF-246,F,1.0,0.0,W,,0.0,,,,,,0.0,0.464285714,0.035714286,0.0,0.5,F,1.0,White,0.5,True
WF-247,F,1.0,0.0,W,,0.0,,,,,,0.0,0.0,0.0,0.0,1.0,F,1.0,White,1.0,True
WF-248,F,1.0,0.0,W,,0.0,,,,,,0.0,0.0,0.037037037,0.0,0.962962963,F,1.0,White,0.962962963,True
WF-249,F,0.964285714,0.035714286,W,,0.035714286,,,,,,0.0,0.535714286,0.107142857,0.071428571,0.25,F,0.964285714,Latino,0.535714286,True
WF-250,F,0.96,0.04,W,,0.0,,,,,,0.0,0.04,0.04,0.0,0.92,F,0.96,White,0.92,True
WF-251,F,1.0,0.0,W,,0.0,,,,,,0.0,0.043478261,0.0,0.0,0.956521739,F,1.0,White,0.956521739,True
WF-252,F,1.0,0.0,W,,0.0,,,,,,0.0,0.0,0.107142857,0.0,0.892857143,F,1.0,White,0.892857143,True
WM-001,M,0.032258065,0.967741935,W,,0.0,,,,,,0.0,0.0,0.0,0.010752688,0.989247312,M,0.967741935,White,0.989247312,True
WM-002,M,0.0,1.0,W,,0.024691358,,,,,,0.0,0.061728395,0.037037037,0.24691358,0.62962963,M,1.0,White,0.62962963,True
WM-003,M,0.0,1.0,W,,0.0,,,,,,0.0,0.0,0.0,0.0,1.0,M,1.0,White,1.0,True
WM-004,M,0.0,1.0,W,,0.0,,,,,,0.0,0.0,0.0,0.010752688,0.989247312,M,1.0,White,0.989247312,True
WM-006,M,0.0,1.0,W,,0.0,,,,,,0.0,0.023255814,0.011627907,0.011627907,0.953488372,M,1.0,White,0.953488372,True
WM-009,M,0.0,1.0,W,,0.010869565,,,,,,0.0,0.108695652,0.0,0.010869565,0.869565217,M,1.0,White,0.869565217,True
WM-010,M,0.010752688,0.989247312,W,,0.0,,,,,,0.0,0.010752688,0.0,0.021505376,0.967741935,M,0.989247312,White,0.967741935,True
WM-011,M,0.0,1.0,W,,0.0,,,,,,0.0,0.011363636,0.0,0.011363636,0.977272727,M,1.0,White,0.977272727,True
WM-012,M,0.022222222,0.977777778,W,,0.0,,,,,,0.0,0.044444444,0.011111111,0.011111111,0.933333333,M,0.977777778,White,0.933333333,True
WM-013,M,0.0,1.0,W,,0.0,,,,,,0.0,0.011494253,0.0,0.011494253,0.977011494,M,1.0,White,0.977011494,True
WM-014,M,0.0,1.0,W,,0.0,,,,,,0.0,0.011904762,0.0,0.011904762,0.976190476,M,1.0,White,0.976190476,True
WM-015,M,0.0,1.0,W,,0.0,,,,,,0.0,0.0,0.0,0.0,1.0,M,1.0,White,1.0,True
WM-016,M,0.011627907,0.988372093,W,,0.0,,,,,,0.0,0.034883721,0.0,0.0,0.965116279,M,0.988372093,White,0.965116279,True
WM-017,M,0.0,1.0,W,,0.0,,,,,,0.010638298,0.0,0.0,0.0,0.989361702,M,1.0,White,0.989361702,True
WM-018,M,0.0,1.0,W,,0.0,,,,,,0.0,0.010869565,0.0,0.0,0.989130435,M,1.0,White,0.989130435,True
WM-019,M,0.0,1.0,W,,0.0,,,,,,0.0,0.217391304,0.0,0.054347826,0.72826087,M,1.0,White,0.72826087,True
WM-020,M,0.0,1.0,W,,0.011363636,,,,,,0.0,0.022727273,0.0,0.0,0.965909091,M,1.0,White,0.965909091,True
WM-021,M,0.011627907,0.988372093,W,,0.011764706,,,,,,0.0,0.094117647,0.035294118,0.094117647,0.764705882,M,0.988372093,White,0.764705882,True
WM-022,M,0.0,1.0,W,,0.0,,,,,,0.0,0.505376344,0.010752688,0.043010753,0.440860215,M,1.0,Latino,0.505376344,True
WM-023,M,0.0,1.0,W,,0.010989011,,,,,,0.0,0.0,0.0,0.0,0.989010989,M,1.0,White,0.989010989,True
WM-024,M,0.0,1.0,W,,0.012195122,,,,,,0.0,0.024390244,0.012195122,0.024390244,0.926829268,M,1.0,White,0.926829268,True
WM-025,M,0.011235955,0.988764045,W,,0.0,,,,,,0.0,0.011235955,0.0,0.0,0.988764045,M,0.988764045,White,0.988764045,True
WM-026,M,0.0,1.0,W,,0.0,,,,,,0.0,0.011627907,0.011627907,0.0,0.976744186,M,1.0,White,0.976744186,True
WM-028,M,0.012345679,0.987654321,W,,0.086419753,,,,,,0.0,0.148148148,0.049382716,0.296296296,0.419753086,M,0.987654321,White,0.419753086,True
WM-029,M,0.011494253,0.988505747,W,,0.011494253,,,,,,0.0,0.022988506,0.011494253,0.0,0.954022989,M,0.988505747,White,0.954022989,True
WM-031,M,0.0,1.0,W,,0.0,,,,,,0.0,0.011627907,0.0,0.0,0.988372093,M,1.0,White,0.988372093,True
WM-032,M,0.0,1.0,W,,0.0,,,,,,0.0,0.0,0.0,0.0,1.0,M,1.0,White,1.0,True
WM-033,M,0.021978022,0.978021978,W,,0.0,,,,,,0.0,0.0,0.0,0.010989011,0.989010989,M,0.978021978,White,0.989010989,True
WM-034,M,0.0,1.0,W,,0.0,,,,,,0.0,0.0,0.0,0.0,1.0,M,1.0,White,1.0,True
WM-035,M,0.0,1.0,W,,0.0,,,,,,0.0,0.032608696,0.0,0.0,0.967391304,M,1.0,White,0.967391304,True
WM-036,M,0.011764706,0.988235294,W,,0.0,,,,,,0.0,0.034883721,0.011627907,0.023255814,0.930232558,M,0.988235294,White,0.930232558,True
WM-037,M,0.0,1.0,W,,0.0,,,,,,0.0,0.0,0.0,0.011363636,0.988636364,M,1.0,White,0.988636364,True
WM-038,M,0.011235955,0.988764045,W,,0.0,,,,,,0.0,0.011363636,0.0,0.0,0.988636364,M,0.988764045,White,0.988636364,True
WM-039,M,0.011494253,0.988505747,W,,0.0,,,,,,0.0,0.0,0.0,0.02247191,0.97752809,M,0.988505747,White,0.97752809,True
WM-040,M,0.010638298,0.989361702,W,,0.0,,,,,,0.0,0.0,0.0,0.010638298,0.989361702,M,0.989361702,White,0.989361702,True
WM-041,M,0.0,1.0,W,,0.0,,,,,,0.0,0.317647059,0.047058824,0.047058824,0.588235294,M,1.0,White,0.588235294,True
WM-200,M,0.0,1.0,W,,0.0,,,,,,0.0,0.0,0.0,0.0,1.0,M,1.0,White,1.0,True
WM-201,M,0.0,1.0,W,,0.0,,,,,,0.0,0.0,0.0,0.0,1.0,M,1.0,White,1.0,True
WM-202,M,0.0,1.0,W,,0.0,,,,,,0.0,0.0,0.0,0.0,1.0,M,1.0,White,1.0,True
WM-203,M,0.0,1.0,W,,0.0,,,,,,0.0,0.0,0.0,0.0,1.0,M,1.0,White,1.0,True
WM-204,M,0.0,1.0,W,,0.0,,,,,,0.0,0.0,0.0,0.0,1.0,M,1.0,White,1.0,True
WM-205,M,0.0,1.0,W,,0.0,,,,,,0.0,0.0,0.0,0.0,1.0,M,1.0,White,1.0,True
WM-206,M,0.0,1.0,W,,0.0,,,,,,0.0,0.0,0.0,0.0,1.0,M,1.0,White,1.0,True
WM-207,M,0.0,1.0,W,,0.0,,,,,,0.0,0.083333333,0.041666667,0.041666667,0.833333333,M,1.0,White,0.833333333,True
WM-208,M,0.0,1.0,W,,0.0,,,,,,0.0,0.034482759,0.0,0.0,0.965517241,M,1.0,White,0.965517241,True
WM-209,M,0.0,1.0,W,,0.0,,,,,,0.0,0.0,0.035714286,0.0,0.964285714,M,1.0,White,0.964285714,True
WM-210,M,0.0,1.0,W,,0.0,,,,,,0.0,0.0,0.0,0.0,1.0,M,1.0,White,1.0,True
WM-211,M,0.034482759,0.965517241,W,,0.0,,,,,,0.0,0.034482759,0.0,0.0,0.965517241,M,0.965517241,White,0.965517241,True
WM-212,M,0.0,1.0,W,,0.0,,,,,,0.0,0.0,0.0,0.0,1.0,M,1.0,White,1.0,True
WM-213,M,0.0,1.0,W,,0.0,,,,,,0.0,0.0,0.0,0.0,1.0,M,1.0,White,1.0,True
WM-214,M,0.04,0.96,W,,0.0,,,,,,0.0,0.0,0.0,0.0,1.0,M,0.96,White,1.0,True
WM-215,M,0.0,1.0,W,,0.0,,,,,,0.0,0.0,0.0,0.0,1.0,M,1.0,White,1.0,True
WM-216,M,0.0,1.0,W,,0.038461538,,,,,,0.0,0.0,0.0,0.0,0.961538462,M,1.0,White,0.961538462,True
WM-217,M,0.0,1.0,W,,0.076923077,,,,,,0.0,0.0,0.153846154,0.0,0.769230769,M,1.0,White,0.769230769,True
WM-218,M,0.0,1.0,W,,0.0,,,,,,0.0,0.035714286,0.071428571,0.071428571,0.821428571,M,1.0,White,0.821428571,True
WM-219,M,0.0,1.0,W,,0.0,,,,,,0.0,0.0,0.0,0.0,1.0,M,1.0,White,1.0,True
WM-220,M,0.0,1.0,W,,0.0,,,,,,0.0,0.0,0.0,0.0,1.0,M,1.0,White,1.0,True
WM-221,M,0.0,1.0,W,,0.0,,,,,,0.0,0.0,0.0,0.0,1.0,M,1.0,White,1.0,True
WM-222,M,0.0,1.0,W,,0.0,,,,,,0.0,0.0,0.0,0.0,1.0,M,1.0,White,1.0,True
WM-223,M,0.0,1.0,W,,0.0,,,,,,0.0,0.08,0.08,0.0,0.84,M,1.0,White,0.84,True
WM-224,M,0.035714286,0.964285714,W,,0.0,,,,,,0.0,0.0,0.0,0.0,1.0,M,0.964285714,White,1.0,True
WM-225,M,0.0,1.0,W,,0.0,,,,,,0.0,0.0,0.0,0.0,1.0,M,1.0,White,1.0,True
WM-227,M,0.0,1.0,W,,0.0,,,,,,0.0,0.130434783,0.086956522,0.086956522,0.695652174,M,1.0,White,0.695652174,True
WM-228,M,0.037037037,0.962962963,W,,0.0,,,,,,0.0,0.222222222,0.148148148,0.222222222,0.407407407,M,0.962962963,White,0.407407407,True
WM-229,M,0.0,1.0,W,,0.0,,,,,,0.0,0.0,0.0,0.0,1.0,M,1.0,White,1.0,True
WM-230,M,0.0,1.0,W,,0.0,,,,,,0.0,0.0,0.0,0.0,1.0,M,1.0,White,1.0,True
WM-231,M,0.0,1.0,W,,0.034482759,,,,,,0.0,0.275862069,0.137931034,0.0,0.551724138,M,1.0,White,0.551724138,True
WM-232,M,0.0,1.0,W,,0.0,,,,,,0.0,0.0,0.0,0.0,1.0,M,1.0,White,1.0,True
WM-233,M,0.041666667,0.958333333,W,,0.083333333,,,,,,0.0,0.208333333,0.208333333,0.291666667,0.208333333,M,0.958333333,Other,0.291666667,True
WM-234,M,0.0,1.0,W,,0.0,,,,,,0.0,0.0,0.0,0.0,1.0,M,1.0,White,1.0,True
WM-235,M,0.035714286,0.964285714,W,,0.0,,,,,,0.0,0.0,0.0,0.0,1.0,M,0.964285714,White,1.0,True
WM-236,M,0.0,1.0,W,,0.0,,,,,,0.0,0.0,0.0,0.038461538,0.961538462,M,1.0,White,0.961538462,True
WM-237,M,0.0,1.0,W,,0.0,,,,,,0.0,0.034482759,0.0,0.0,0.965517241,M,1.0,White,0.965517241,True
WM-238,M,0.0,1.0,W,,0.0,,,,,,0.0,0.0,0.0,0.0,1.0,M,1.0,White,1.0,True
WM-239,M,0.035714286,0.964285714,W,,0.0,,,,,,0.0,0.0,0.035714286,0.035714286,0.928571429,M,0.964285714,White,0.928571429,True
WM-240,M,0.0,1.0,W,,0.0,,,,,,0.0,0.0,0.0,0.0,1.0,M,1.0,White,1.0,True
WM-241,M,0.0,1.0,W,,0.0,,,,,,0.0,0.0,0.0,0.0,1.0,M,1.0,White,1.0,True
WM-242,M,0.0,1.0,W,,0.0,,,,,,0.0,0.034482759,0.103448276,0.0,0.862068966,M,1.0,White,0.862068966,True
WM-243,M,0.0,1.0,W,,0.0,,,,,,0.0,0.166666667,0.041666667,0.041666667,0.75,M,1.0,White,0.75,True
WM-244,M,0.0,1.0,W,,0.0,,,,,,0.0,0.0,0.0,0.0,1.0,M,1.0,White,1.0,True
WM-245,M,0.0,1.0,W,,0.0,,,,,,0.0,0.0,0.0,0.0,1.0,M,1.0,White,1.0,True
WM-247,M,0.0,1.0,W,,0.0,,,,,,0.0,0.0,0.0,0.038461538,0.961538462,M,1.0,White,0.961538462,True
WM-248,M,0.0,1.0,W,,0.0,,,,,,0.0,0.0,0.0,0.0,1.0,M,1.0,White,1.0,True
WM-249,M,0.0,1.0,W,,0.0,,,,,,0.0,0.0,0.0,0.0,1.0,M,1.0,White,1.0,True
WM-250,M,0.0,1.0,W,,0.04,,,,,,0.12,0.4,0.4,0.04,0.0,M,1.0,Latino,0.4,True
WM-251,M,0.0,1.0,W,,0.0,,,,,,0.0,0.0,0.0,0.0,1.0,M,1.0,White,1.0,True
WM-252,M,0.0,1.0,W,,0.0,,,,,,0.0,0.185185185,0.037037037,0.037037037,0.740740741,M,1.0,White,0.740740741,True
WM-253,M,0.038461538,0.961538462,W,,0.0,,,,,,0.04,0.24,0.04,0.0,0.68,M,0.961538462,White,0.68,True
WM-254,M,0.0,1.0,W,,0.0,,,,,,0.0,0.0,0.0,0.0,1.0,M,1.0,White,1.0,True
WM-255,M,0.035714286,0.964285714,W,,0.0,,,,,,0.0,0.111111111,0.185185185,0.111111111,0.592592593,M,0.964285714,White,0.592592593,True
WM-256,M,0.0,1.0,W,,0.0,,,,,,0.0,0.115384615,0.076923077,0.038461538,0.769230769,M,1.0,White,0.769230769,True
WM-257,M,0.0,1.0,W,,0.0,,,,,,0.0,0.111111111,0.037037037,0.0,0.851851852,M,1.0,White,0.851851852,True
WM-258,M,0.0,1.0,W,,0.0,,,,,,0.0,0.0,0.0,0.0,1.0,M,1.0,White,1.0,True
