face_id,aligned_landmark_path,topology_qc_pass,topology_qc_reason,n_triangles,n_flipped_triangles,flipped_triangle_fraction,n_degenerate_triangles,degenerate_triangle_fraction,min_absolute_triangle_area_px2,median_absolute_triangle_area_px2,error_type,error_message,flipped_triangle_indices,degenerate_triangle_indices,unstable_triangle_indices,min_triangle_quality,median_triangle_quality,problem_point_indices,problem_mediapipe_indices,problem_triangle_indices
BF-007,/Users/fantine/Documents/Face_Reconstruction/data/interim/aligned_faces/landmarks/BF-007.npy,True,ok,894,0,0.0,0,0.0,2.896040863590315,,,,[],[],[],0.14125736591812169,0.8228029101781329,[],[],[]
BF-242,/Users/fantine/Documents/Face_Reconstruction/data/interim/aligned_faces/landmarks/BF-242.npy,True,ok,894,0,0.0,0,0.0,1.8188761696219444,,,,[],[],[],0.09805755011894517,0.7853877068271088,[],[],[]
BF-255,/Users/fantine/Documents/Face_Reconstruction/data/interim/aligned_faces/landmarks/BF-255.npy,True,ok,894,0,0.0,0,0.0,2.5344164883717895,,,,[],[],[],0.07785816569357067,0.8061126841855073,[],[],[]
BM-211,/Users/fantine/Documents/Face_Reconstruction/data/interim/aligned_faces/landmarks/BM-211.npy,True,ok,894,0,0.0,0,0.0,2.812011593254283,,,,[],[],[],0.14324421793172387,0.8240720092244647,[],[],[]
BM-212,/Users/fantine/Documents/Face_Reconstruction/data/interim/aligned_faces/landmarks/BM-212.npy,True,ok,894,0,0.0,0,0.0,1.1029345262795687,,,,[],[],[],0.007092447022245379,0.8251905266254753,[],[],[]
BM-213,/Users/fantine/Documents/Face_Reconstruction/data/interim/aligned_faces/landmarks/BM-213.npy,True,ok,894,0,0.0,0,0.0,2.3288530118297786,,,,[],[],[],0.09967053751034541,0.8275885038829596,[],[],[]
BM-214,/Users/fantine/Documents/Face_Reconstruction/data/interim/aligned_faces/landmarks/BM-214.npy,True,ok,894,0,0.0,0,0.0,1.7224635742604733,,,,[],[],[],0.06457327362635387,0.8318544018300631,[],[],[]
BM-215,/Users/fantine/Documents/Face_Reconstruction/data/interim/aligned_faces/landmarks/BM-215.npy,True,ok,894,0,0.0,0,0.0,1.3851894489489496,,,,[],[],[],0.050622916791422466,0.8304367806191011,[],[],[]
BM-216,/Users/fantine/Documents/Face_Reconstruction/data/interim/aligned_faces/landmarks/BM-216.npy,False,flipped_triangles,894,2,0.0022371364653243847,0,0.0,3.427975923754275,,,,"[129, 519]",[],"[129, 519]",0.040593051066485815,0.8261129138411103,"[139, 167, 356, 379, 449]","[148, 176, 377, 400, ""anchor_5""]","[129, 519]"
BM-217,/Users/fantine/Documents/Face_Reconstruction/data/interim/aligned_faces/landmarks/BM-217.npy,True,ok,894,0,0.0,0,0.0,2.1124916521366686,,,,[],[],[],0.07778006107745976,0.8095828347518823,[],[],[]
BM-218,/Users/fantine/Documents/Face_Reconstruction/data/interim/aligned_faces/landmarks/BM-218.npy,True,ok,894,0,0.0,0,0.0,2.8228914260398597,,,,[],[],[],0.09203281120401373,0.8269841151196777,[],[],[]
BM-219,/Users/fantine/Documents/Face_Reconstruction/data/interim/aligned_faces/landmarks/BM-219.npy,True,ok,894,0,0.0,0,0.0,2.4723748608957976,,,,[],[],[],0.10723139714822337,0.8305049010695424,[],[],[]
BM-221,/Users/fantine/Documents/Face_Reconstruction/data/interim/aligned_faces/landmarks/BM-221.npy,True,ok,894,0,0.0,0,0.0,2.3796109040267766,,,,[],[],[],0.04381526399679887,0.8230419492884088,[],[],[]
BM-222,/Users/fantine/Documents/Face_Reconstruction/data/interim/aligned_faces/landmarks/BM-222.npy,True,ok,894,0,0.0,0,0.0,2.5759226083755493,,,,[],[],[],0.13601419245900953,0.8235749999105617,[],[],[]
BM-223,/Users/fantine/Documents/Face_Reconstruction/data/interim/aligned_faces/landmarks/BM-223.npy,True,ok,894,0,0.0,0,0.0,1.6231425725854933,,,,[],[],[],0.0470000722518719,0.8300931358522243,[],[],[]
BM-224,/Users/fantine/Documents/Face_Reconstruction/data/interim/aligned_faces/landmarks/BM-224.npy,True,ok,894,0,0.0,0,0.0,4.027230896987021,,,,[],[],[],0.12051654735191505,0.8047883188582787,[],[],[]
BM-225,/Users/fantine/Documents/Face_Reconstruction/data/interim/aligned_faces/landmarks/BM-225.npy,True,ok,894,0,0.0,0,0.0,3.3987432131543756,,,,[],[],[],0.07925900845018406,0.8169532046139392,[],[],[]
BM-226,/Users/fantine/Documents/Face_Reconstruction/data/interim/aligned_faces/landmarks/BM-226.npy,True,ok,894,0,0.0,0,0.0,1.5979089634492993,,,,[],[],[],0.06593545716371112,0.7955619248748748,[],[],[]
BM-227,/Users/fantine/Documents/Face_Reconstruction/data/interim/aligned_faces/landmarks/BM-227.npy,False,flipped_triangles;degenerate_triangles,894,2,0.0022371364653243847,1,0.0011185682326621924,0.009755215141922235,,,,"[178, 710]",[708],"[178, 708, 710]",0.0018792829520000859,0.8145532488240684,"[34, 46, 93, 114, 120, 216, 223]","[36, 48, 102, 123, 129, 227, 234]","[178, 708, 710]"
BM-228,/Users/fantine/Documents/Face_Reconstruction/data/interim/aligned_faces/landmarks/BM-228.npy,True,ok,894,0,0.0,0,0.0,2.2833682377822697,,,,[],[],[],0.08406036550213745,0.8296021254766154,[],[],[]
BM-229,/Users/fantine/Documents/Face_Reconstruction/data/interim/aligned_faces/landmarks/BM-229.npy,True,ok,894,0,0.0,0,0.0,1.8527454570867121,,,,[],[],[],0.07091417348336018,0.8127226221313542,[],[],[]
BM-231,/Users/fantine/Documents/Face_Reconstruction/data/interim/aligned_faces/landmarks/BM-231.npy,True,ok,894,0,0.0,0,0.0,3.9928854629397392,,,,[],[],[],0.12337976486560515,0.8099114887358125,[],[],[]
BM-236,/Users/fantine/Documents/Face_Reconstruction/data/interim/aligned_faces/landmarks/BM-236.npy,True,ok,894,0,0.0,0,0.0,3.269243255024776,,,,[],[],[],0.13730340392147963,0.8307318451002864,[],[],[]
BM-237,/Users/fantine/Documents/Face_Reconstruction/data/interim/aligned_faces/landmarks/BM-237.npy,True,ok,894,0,0.0,0,0.0,4.069677374558523,,,,[],[],[],0.05544947343553099,0.8112194255133232,[],[],[]
BM-239,/Users/fantine/Documents/Face_Reconstruction/data/interim/aligned_faces/landmarks/BM-239.npy,True,ok,894,0,0.0,0,0.0,2.226966128917411,,,,[],[],[],0.01955312768485095,0.8244461959458924,[],[],[]
